uniprot_id,pdb_resi,aa,importance,attention_weight,gated_feature_norm,x,y,z,is_top_residue,true_topt,pred_topt,Avg_pLDDT
O30012,1,M,2.544866857964794e-24,2.755358613304917e-24,20.30195426940918,-19.36400032043457,22.27300071716309,13.767999649047852,0,77.0,77.0,0.9
O30012,2,I,7.517349416538215e-25,7.651354697622307e-25,21.5961971282959,-20.375,23.020000457763672,17.399999618530273,0,77.0,77.0,0.9
O30012,3,S,0.7179048657417297,0.721358060836792,21.875947952270508,-18.746999740600582,26.32999992370605,18.18099975585937,1,77.0,77.0,0.9
O30012,4,V,2.9463953295391853e-21,3.0692011562961577e-21,21.10165786743164,-16.85099983215332,25.274999618530277,21.38400077819824,0,77.0,77.0,0.9
O30012,5,K,2.5498118461748324e-15,2.617335195147577e-15,21.414093017578125,-15.256999969482422,28.04599952697754,23.520000457763672,0,77.0,77.0,0.9
O30012,6,I,3.6255684820979367e-25,3.6711599585580864e-25,21.708194732666016,-12.133999824523926,26.68099975585937,25.24799919128418,0,77.0,77.0,0.9
O30012,7,L,2.7870791154696808e-15,2.7861391206564657e-15,21.98859024047852,-10.437999725341797,28.05500030517578,28.3129997253418,0,77.0,77.0,0.9
O30012,8,I,3.0178742908820714e-26,3.060926682933299e-26,21.672006607055664,-6.894000053405762,27.035999298095703,29.308000564575195,0,77.0,77.0,0.9
O30012,9,Y,6.205770478118211e-05,6.118431338109076e-05,22.294952392578125,-6.75,27.291000366210938,33.13600158691406,1,77.0,77.0,0.9
O30012,10,G,1.1098929805947236e-19,1.1162749375145117e-19,21.85550308227539,-2.989000082015991,27.516000747680664,33.840999603271484,0,77.0,77.0,0.9
O30012,11,V,9.731549685519791e-21,9.753901333517195e-21,21.930803298950195,-0.8769999742507935,28.843000411987305,30.93400001525879,0,77.0,77.0,0.9
O30012,12,G,5.255248714433297e-20,5.272909343628731e-20,21.90755271911621,2.257999897003174,26.950000762939453,31.73900032043457,0,77.0,77.0,0.9
O30012,13,N,1.4294183755632386e-19,1.3892265743280822e-19,22.61711311340332,4.091000080108643,24.608999252319336,29.399999618530277,0,77.0,77.0,0.9
O30012,14,M,6.900800508446991e-05,6.513037078548223e-05,23.28985595703125,1.133999943733215,22.165000915527344,29.01000022888184,1,77.0,77.0,0.9
O30012,15,G,3.368235448307341e-17,3.2947391273930237e-17,22.471511840820312,-1.4199999570846558,24.98699951171875,28.81800079345703,0,77.0,77.0,0.9
O30012,16,K,1.0169826509809354e-06,9.88952365332807e-07,22.60419464111328,0.5740000009536743,26.67300033569336,25.99099922180176,1,77.0,77.0,0.9
O30012,17,L,1.7846667285075924e-19,1.7289203128412591e-19,22.689922332763672,0.6539999842643738,23.326000213623047,24.042999267578125,0,77.0,77.0,0.9
O30012,18,F,2.488060408626913e-20,2.4141138545976532e-20,22.65447807312012,-3.135999917984009,22.92099952697754,24.21299934387207,0,77.0,77.0,0.9
O30012,19,R,3.20146650565174e-25,3.3426294668555465e-25,21.052885055541992,-3.734999895095825,26.649999618530277,23.489999771118164,0,77.0,77.0,0.9
O30012,20,D,2.72138210410167e-28,2.841126076170217e-28,21.05474090576172,-1.5670000314712524,26.503999710083008,20.33099937438965,0,77.0,77.0,0.9
O30012,21,I,2.9034995059654893e-16,2.8462202263963973e-16,22.423540115356445,-3.2780001163482666,23.197999954223636,19.191999435424805,0,77.0,77.0,0.9
O30012,22,F,9.911067900247872e-05,9.476413106312977e-05,22.9893856048584,-6.85099983215332,24.40399932861328,19.46299934387207,1,77.0,77.0,0.9
O30012,23,Y,1.4609579606489094e-17,1.4620314756478808e-17,21.965036392211918,-6.1570000648498535,28.030000686645508,18.461000442504883,0,77.0,77.0,0.9
O30012,24,G,3.785202199965178e-15,3.691034582603602e-15,22.54197120666504,-4.390999794006348,26.777000427246094,15.293999671936035,0,77.0,77.0,0.9
O30012,25,K,0.0025118461344391,0.0024439990520477,22.591386795043945,-7.572999954223633,24.753999710083008,14.51099967956543,1,77.0,77.0,0.9
O30012,26,G,2.516676589348066e-10,2.4271828991118127e-10,22.79165267944336,-9.75100040435791,27.874000549316406,14.54599952697754,0,77.0,77.0,0.9
O30012,27,Y,2.3245729785514872e-09,2.231995921420093e-09,22.89289283752441,-11.33199977874756,27.3700008392334,18.04400062561035,0,77.0,77.0,0.9
O30012,28,Y,3.209980286971337e-25,3.2908064822822166e-25,21.4412899017334,-12.093000411987305,30.36899948120117,20.277000427246094,0,77.0,77.0,0.9
O30012,29,V,4.671521694490439e-22,4.5619601481345315e-22,22.50908088684082,-9.315999984741213,29.812000274658203,22.94099998474121,0,77.0,77.0,0.9
O30012,30,R,3.5683124224306084e-06,3.4517831863922765e-06,22.72323989868164,-8.446999549865723,31.95199966430664,25.92799949645996,1,77.0,77.0,0.9
O30012,31,G,6.171276118809531e-16,6.025448279632272e-16,22.51316261291504,-5.839000225067139,31.549999237060547,28.743000030517575,0,77.0,77.0,0.9
O30012,32,Y,1.4292578783293704e-15,1.4009585075616042e-15,22.425193786621094,-6.360000133514404,32.16699981689453,32.37900161743164,0,77.0,77.0,0.9
O30012,33,D,2.4397522530602493e-21,2.390296303614312e-21,22.43597221374512,-3.431999921798706,32.13800048828125,34.83599853515625,0,77.0,77.0,0.9
O30012,34,I,1.3422651318065527e-22,1.3913192796835816e-22,21.2061767578125,-2.776000022888184,33.34600067138672,38.35300064086914,0,77.0,77.0,0.9
O30012,35,D,0.0029792101122438,0.0029480254743248,22.21369361877441,0.2290000021457672,35.104000091552734,36.77999877929688,1,77.0,77.0,0.9
O30012,36,Q,1.0044196759624787e-16,9.836273332131008e-17,22.44582176208496,-1.3600000143051147,38.26100158691406,35.21500015258789,0,77.0,77.0,0.9
O30012,37,M,9.554998360182443e-15,9.425387072659486e-15,22.28344345092773,1.3830000162124634,38.44900131225586,32.58000183105469,0,77.0,77.0,0.9
O30012,38,K,8.333159940206022e-23,8.17914399924812e-23,22.39508819580078,0.3050000071525574,34.98400115966797,31.099000930786133,0,77.0,77.0,0.9
O30012,39,R,1.5554389511155546e-22,1.6266170501783048e-22,21.01931381225586,-3.503999948501587,35.5,31.13999938964844,0,77.0,77.0,0.9
O30012,40,D,4.543251507129091e-24,4.687022590396978e-24,21.30691719055176,-5.544000148773193,36.90299987792969,28.15999984741211,0,77.0,77.0,0.9
O30012,41,T,4.827014185088867e-16,4.692623937677501e-16,22.610685348510746,-8.880999565124512,36.792999267578125,30.03499984741211,0,77.0,77.0,0.9
O30012,42,N,1.941962007867559e-10,1.950296174557664e-10,21.887243270874023,-10.097000122070312,37.76499938964844,33.6150016784668,0,77.0,77.0,0.9
O30012,43,S,6.335723662777426e-21,6.497498864842631e-21,21.43388557434082,-13.29300022125244,35.685001373291016,33.38100051879883,0,77.0,77.0,0.9
O30012,44,I,1.788355375855811e-26,1.8565460840619502e-26,21.173809051513672,-13.666000366210938,31.929000854492188,33.28200149536133,0,77.0,77.0,0.9
O30012,45,S,0.0016865779180079,0.0016797342104837,22.07073211669922,-17.38599967956543,32.36800003051758,32.86100006103516,1,77.0,77.0,0.9
O30012,46,G,2.5879516795947983e-24,2.670585056631925e-24,21.30103302001953,-18.902999877929688,31.440000534057617,29.481000900268555,0,77.0,77.0,0.9
O30012,47,F,1.032604207591443e-15,1.0249632292533804e-15,22.14504051208496,-16.51300048828125,28.71699905395508,28.27199935913086,0,77.0,77.0,0.9
O30012,48,D,2.6023072914619197e-23,2.6142115180660665e-23,21.881080627441406,-17.82699966430664,25.28499984741211,27.114999771118164,0,77.0,77.0,0.9
O30012,49,V,7.577522014236755e-29,7.828125824159745e-29,21.27748680114746,-14.54300022125244,23.400999069213867,27.867000579833984,0,77.0,77.0,0.9
O30012,50,I,3.27712867445656e-20,3.1981810704543364e-20,22.52378273010254,-11.92099952697754,24.24399948120117,30.524999618530277,0,77.0,77.0,0.9
O30012,51,F,6.706127661814972e-16,6.617660364430179e-16,22.27502822875977,-8.494000434875488,22.57200050354004,30.347000122070312,0,77.0,77.0,0.9
O30012,52,V,2.1471111347716522e-26,2.310508880146212e-26,20.42667961120605,-7.065999984741211,22.49799919128418,33.854000091552734,0,77.0,77.0,0.9
O30012,53,C,6.544028134522411e-35,7.170054640619611e-35,20.06196975708008,-3.338000059127808,22.767000198364254,33.21500015258789,0,77.0,77.0,0.9
O30012,54,T,1.1421548808889663e-26,1.1617967470569916e-26,21.60955047607422,-2.2320001125335693,23.68099975585937,36.81600189208984,0,77.0,77.0,0.9
O30012,55,P,7.224140664905013e-25,7.894234123502411e-25,20.11532592773437,0.4850000143051147,21.989999771118164,38.84700012207031,0,77.0,77.0,0.9
O30012,56,M,1.292691788564964e-16,1.2241440591216336e-16,23.2120418548584,-0.902999997138977,19.30299949645996,41.165000915527344,0,77.0,77.0,0.9
O30012,57,Y,1.870784253029212e-26,1.915478924062617e-26,21.46827888488769,-0.3429999947547912,21.415000915527344,44.38199996948242,0,77.0,77.0,0.9
O30012,58,A,9.942516145309524e-16,9.934284043853396e-16,21.9993896484375,-2.566999912261963,24.17799949645996,42.97700119018555,0,77.0,77.0,0.9
O30012,59,L,4.616471969950194e-16,4.692623937677501e-16,21.624462127685547,-5.241000175476074,21.808000564575195,41.5369987487793,0,77.0,77.0,0.9
O30012,60,E,6.27476219960954e-06,6.058067810954526e-06,22.767431259155277,-7.626999855041504,22.01300048828125,44.57500076293945,1,77.0,77.0,0.9
O30012,61,E,1.7271582475305196e-17,1.7092880030130465e-17,22.210983276367188,-7.508999824523926,25.881999969482425,44.637001037597656,0,77.0,77.0,0.9
O30012,62,A,2.6060557843030417e-19,2.6778041381661842e-19,21.39221572875977,-7.982999801635742,25.91399955749512,40.7869987487793,0,77.0,77.0,0.9
O30012,63,L,2.223223341535352e-11,2.188171692452112e-11,22.33328437805176,-11.062000274658203,23.60400009155273,40.98099899291992,0,77.0,77.0,0.9
O30012,64,E,6.84069125422948e-20,6.985469833411281e-20,21.525598526000977,-12.605999946594238,25.74399948120117,43.86199951171875,0,77.0,77.0,0.9
O30012,65,H,0.0003520741593092,0.0003520914760883,21.980093002319336,-12.093000411987305,28.895999908447266,41.729000091552734,1,77.0,77.0,0.9
O30012,66,I,3.7892905633037776e-17,3.8519402302818095e-17,21.6236629486084,-13.67300033569336,27.100000381469727,38.65700149536133,0,77.0,77.0,0.9
O30012,67,K,1.7392143547567684e-07,1.71854154018547e-07,22.24559211730957,-16.594999313354492,25.847999572753903,40.86800003051758,0,77.0,77.0,0.9
O30012,68,R,1.630603096124117e-12,1.5851062866792389e-12,22.61209297180176,-17.389999389648438,29.520999908447266,41.87699890136719,0,77.0,77.0,0.9
O30012,69,E,3.179393437966557e-22,3.184761478654405e-22,21.94412422180176,-17.054000854492188,31.24799919128418,38.46900177001953,0,77.0,77.0,0.9
O30012,70,A,1.833907239392682e-13,1.77843999834941e-13,22.66673851013184,-17.475000381469727,28.69499969482422,35.54399871826172,0,77.0,77.0,0.9
O30012,71,K,1.8605509494173944e-11,1.8716425978504425e-11,21.850910186767575,-20.88800048828125,27.697999954223636,34.053001403808594,0,77.0,77.0,0.9
O30012,72,K,1.088676981453318e-05,1.0632239536789712e-05,22.50739288330078,-22.11599922180176,24.39699935913086,35.569000244140625,1,77.0,77.0,0.9
O30012,73,E,5.569081878941225e-19,5.494498105034616e-19,22.2795524597168,-22.426000595092773,22.934999465942383,32.082000732421875,0,77.0,77.0,0.9
O30012,74,A,3.3083262448224634e-24,3.3759357659196566e-24,21.54096031188965,-18.59199905395508,23.332000732421875,31.27300071716309,0,77.0,77.0,0.9
O30012,75,L,5.833232039387419e-21,5.916039765728653e-21,21.67350006103516,-16.60300064086914,20.176000595092773,30.51000022888184,0,77.0,77.0,0.9
O30012,76,L,1.3980054122807452e-21,1.3833972734160879e-21,22.213287353515625,-13.413999557495115,20.06100082397461,32.54600143432617,0,77.0,77.0,0.9
O30012,77,V,8.860878610711388e-13,8.75378816742739e-13,22.250083923339844,-10.29800033569336,18.44499969482422,31.020000457763672,0,77.0,77.0,0.9
O30012,78,D,7.867922287433705e-16,7.982421024869989e-16,21.66588020324707,-7.756999969482422,17.000999450683594,33.46900177001953,0,77.0,77.0,0.9
O30012,79,V,4.597217503225676e-27,4.621308575714027e-27,21.86658477783203,-4.163000106811523,16.9060001373291,32.189998626708984,0,77.0,77.0,0.9
O30012,80,S,1.2292025911678345e-18,1.2001086844703897e-18,22.51405906677246,-2.3980000019073486,15.979000091552734,35.465999603271484,0,77.0,77.0,0.9
O30012,81,S,4.610643026515126e-23,4.58808381343634e-23,22.089252471923828,0.2980000078678131,13.302000045776367,35.564998626708984,0,77.0,77.0,0.9
O30012,82,V,7.731659258659609e-25,7.894234123502411e-25,21.52849006652832,-0.9409999847412108,11.486000061035156,38.7130012512207,0,77.0,77.0,0.9
O30012,83,K,5.084888243800378e-07,4.972764600097435e-07,22.476795196533203,-4.556000232696533,10.262999534606934,38.3129997253418,0,77.0,77.0,0.9
O30012,84,K,7.337397573184117e-19,7.279026539283547e-19,22.15744400024414,-5.14300012588501,8.79699993133545,41.86299896240234,0,77.0,77.0,0.9
O30012,85,V,5.249087242614017e-26,5.372094077046096e-26,21.477863311767575,-4.757999897003174,12.324000358581545,43.16999816894531,0,77.0,77.0,0.9
O30012,86,S,1.8489493249780463e-20,1.8801136776734084e-20,21.616819381713867,-6.446000099182129,14.371999740600586,40.4010009765625,0,77.0,77.0,0.9
O30012,87,V,3.569496603325937e-27,3.7133254367587646e-27,21.12977409362793,-9.494999885559082,12.220999717712402,39.41600036621094,0,77.0,77.0,0.9
O30012,88,P,1.8780583074658173e-28,2.078612133329666e-28,19.860332489013672,-11.13700008392334,12.267000198364258,42.97999954223633,0,77.0,77.0,0.9
O30012,89,L,1.4617607820848925e-20,1.4191842449931396e-20,22.640625,-10.678000450134276,16.091999053955078,43.09799957275391,0,77.0,77.0,0.9
O30012,90,F,2.7829971400300524e-12,2.7819484996888244e-12,21.98945999145508,-12.404999732971191,16.45400047302246,39.6349983215332,0,77.0,77.0,0.9
O30012,91,E,6.595569923550926e-11,6.740043939634788e-11,21.5100040435791,-15.182000160217283,14.04800033569336,40.85100173950195,0,77.0,77.0,0.9
O30012,92,E,3.407562826635584e-25,3.4487356959503645e-25,21.718751907348636,-15.675000190734863,16.191999435424805,44.01300048828125,0,77.0,77.0,0.9
O30012,93,S,6.29576177857416e-08,6.127648788378792e-08,22.584230422973636,-15.935999870300291,19.35099983215332,41.7239990234375,0,77.0,77.0,0.9
O30012,94,G,1.1873016061989186e-25,1.249049323776544e-25,20.89451789855957,-19.42300033569336,18.25,40.5099983215332,0,77.0,77.0,0.9
O30012,95,F,5.825205398609458e-22,5.857673146419927e-22,21.859338760375977,-18.48699951171875,18.96299934387207,36.81100082397461,0,77.0,77.0,0.9
O30012,96,D,5.054336255261546e-17,4.9459891607791446e-17,22.462696075439453,-18.40900039672852,16.43400001525879,33.957000732421875,0,77.0,77.0,0.9
O30012,97,F,1.9218298827339275e-12,1.853177116969973e-12,22.795490264892575,-14.758000373840332,15.897000312805176,33.025001525878906,0,77.0,77.0,0.9
O30012,98,L,9.304129953377156e-22,9.0725415961854e-22,22.542272567749023,-12.369000434875488,14.241999626159668,30.59499931335449,0,77.0,77.0,0.9
O30012,99,S,1.194791085529454e-27,1.2438083137300423e-27,21.114919662475582,-9.076000213623049,12.984000205993652,32.082000732421875,0,77.0,77.0,0.9
O30012,100,I,1.0123844455001592e-24,1.0790139055302284e-24,20.623828887939453,-6.072999954223633,12.730999946594238,29.70199966430664,0,77.0,77.0,0.9
O30012,101,H,0.0002270767436129,0.0002273273275932,21.956945419311523,-2.263999938964844,12.39799976348877,30.208999633789062,1,77.0,77.0,0.9
O30012,102,P,6.688703178230858e-28,7.311971182385997e-28,20.10751342773437,-0.0970000028610229,13.62600040435791,27.334999084472656,0,77.0,77.0,0.9
O30012,103,M,3.3834721772291136e-19,3.2300482681764265e-19,23.025259017944336,3.1659998893737797,11.597999572753906,27.44599914550781,0,77.0,77.0,0.9
O30012,104,L,2.0624294101972282e-13,1.8931395080051819e-13,23.94679450988769,5.188000202178955,14.564000129699709,26.31999969482422,0,77.0,77.0,0.9
O30012,105,G,4.894626481899422e-09,4.875126968784116e-09,22.069093704223636,6.854000091552734,17.70599937438965,27.67200088500977,0,77.0,77.0,0.9
O30012,106,G,2.610300798278867e-15,2.617335195147577e-15,21.92209815979004,5.202000141143799,21.082000732421875,27.198999404907227,0,77.0,77.0,0.9
O30012,107,D,1.4564896164137586e-11,1.4127899371219056e-11,22.661083221435547,7.954999923706055,22.07099914550781,24.621000289916992,0,77.0,77.0,0.9
O30012,108,S,0.0050014769658446,0.0048604723997414,22.618858337402344,7.236000061035156,18.89299964904785,22.520999908447266,1,77.0,77.0,0.9
O30012,109,E,8.953576666862328e-27,9.482308377470778e-27,20.75550842285156,4.960000038146973,18.516000747680664,19.46500015258789,0,77.0,77.0,0.9
O30012,110,I,4.518256205139246e-28,4.7953079683941555e-28,20.71119880676269,1.837000012397766,16.400999069213867,20.058000564575195,0,77.0,77.0,0.9
O30012,111,S,1.581139258632902e-05,1.5469819118152373e-05,22.46652030944824,2.3940000534057617,14.574000358581545,16.708999633789062,1,77.0,77.0,0.9
O30012,112,L,8.91336093850759e-27,9.482308377470778e-27,20.662282943725582,3.026000022888184,10.85200023651123,17.341999053955078,0,77.0,77.0,0.9
O30012,113,S,2.2121747725203746e-16,2.216638239105711e-16,21.936912536621094,2.9749999046325684,11.428000450134276,21.136999130249023,0,77.0,77.0,0.9
O30012,114,N,2.194437615143451e-22,2.258333833853415e-22,21.359249114990234,0.9509999752044678,9.029000282287598,23.301000595092773,0,77.0,77.0,0.9
O30012,115,V,3.3861949019920566e-24,3.593665320065182e-24,20.7121524810791,-2.1010000705718994,10.647000312805176,25.018999099731445,0,77.0,77.0,0.9
O30012,116,I,5.291614802588329e-12,5.197363806691557e-12,22.379789352416992,-3.5239999294281006,8.342000007629395,27.63400077819824,0,77.0,77.0,0.9
O30012,117,V,8.509875985012429e-17,8.680480993734754e-17,21.54915809631348,-7.313000202178955,8.670000076293945,28.170000076293945,0,77.0,77.0,0.9
O30012,118,V,1.9206747502518798e-24,2.0158634402412784e-24,20.943227767944336,-8.060999870300293,7.729000091552734,31.84499931335449,0,77.0,77.0,0.9
O30012,119,R,9.300252354262768e-17,9.53364235671134e-17,21.44305992126465,-11.696999549865724,8.934000015258789,32.24100112915039,0,77.0,77.0,0.9
O30012,120,E,3.5269705294099105e-27,3.6557555388611406e-27,21.20681953430176,-14.460000038146973,9.927000045776367,29.82900047302246,0,77.0,77.0,0.9
O30012,121,S,9.103193754356197e-10,8.740621559866212e-10,22.89298248291016,-17.648000717163086,11.857999801635742,30.41699981689453,0,77.0,77.0,0.9
O30012,122,G,2.4996402909678015e-20,2.490745837560869e-20,22.059667587280277,-19.489999771118164,10.734999656677246,27.27899932861328,0,77.0,77.0,0.9
O30012,123,R,1.1211383384168716e-11,1.1002818448013764e-11,22.39784049987793,-20.10099983215332,14.414999961853027,26.261999130249023,0,77.0,77.0,0.9
O30012,124,E,2.3314145752850735e-12,2.306316162353772e-12,22.220382690429688,-20.01300048828125,15.644000053405762,22.6200008392334,0,77.0,77.0,0.9
O30012,125,E,1.243382939719595e-05,1.2047906238876749e-05,22.685283660888672,-17.253999710083008,18.19099998474121,23.43400001525879,1,77.0,77.0,0.9
O30012,126,E,1.97163075199569e-07,1.947362591181445e-07,22.25510597229004,-15.03499984741211,15.279999732971191,24.617000579833984,0,77.0,77.0,0.9
O30012,127,K,6.997521458758024e-14,6.964471588408877e-14,22.085485458374023,-15.380000114440918,13.611000061035156,21.20199966430664,0,77.0,77.0,0.9
O30012,128,V,2.7954172104280968e-27,2.983741188552092e-27,20.593793869018555,-14.397000312805176,16.882999420166016,19.520000457763672,0,77.0,77.0,0.9
O30012,129,I,3.638192365601103e-19,3.6601240255671813e-19,21.849462509155277,-11.260000228881836,17.250999450683594,21.763999938964844,0,77.0,77.0,0.9
O30012,130,L,1.233318653248716e-05,1.2047906238876749e-05,22.50166320800781,-10.119999885559082,13.644000053405762,21.224000930786133,1,77.0,77.0,0.9
O30012,131,E,1.0347960335832518e-11,1.0336191971771491e-11,22.006200790405277,-10.713000297546388,13.862000465393066,17.466999053955078,0,77.0,77.0,0.9
O30012,132,E,3.6430689175460056e-24,3.825436598323641e-24,20.933279037475582,-8.673999786376953,17.114999771118164,17.23900032043457,0,77.0,77.0,0.9
O30012,133,L,1.1211193724707168e-19,1.0819306569752514e-19,22.77735710144043,-5.787000179290772,15.515999794006348,19.215999603271484,0,77.0,77.0,0.9
O30012,134,R,3.297183939523624e-23,3.5178059310642333e-23,20.60260772705078,-5.954999923706055,12.527000427246094,16.81599998474121,0,77.0,77.0,0.9
O30012,135,K,3.344923271697553e-08,3.2798940452494214e-08,22.4169864654541,-5.872000217437744,14.960000038146973,13.803999900817873,0,77.0,77.0,0.9
O30012,136,C,5.49892457957224e-11,5.249151460717805e-11,23.02711677551269,-2.7290000915527344,16.492000579833984,15.416999816894531,0,77.0,77.0,0.9
O30012,137,G,1.9384875852407852e-14,1.874461889417138e-14,22.73198127746582,-1.184000015258789,13.01099967956543,15.190999984741213,0,77.0,77.0,0.9
O30012,138,A,4.426392192761765e-22,4.421603491522711e-22,22.004980087280277,-1.64900004863739,11.946000099182127,18.851999282836918,0,77.0,77.0,0.9
O30012,139,V,3.8376333661058806e-21,3.940932391859842e-21,21.40500831604004,-1.807000041007996,8.225000381469727,19.548999786376957,0,77.0,77.0,0.9
O30012,140,L,7.280728343452686e-16,7.044462796497084e-16,22.718406677246094,-4.76800012588501,7.747000217437744,21.950000762939453,0,77.0,77.0,0.9
O30012,141,S,5.098715156869506e-17,4.9459891607791446e-17,22.65992546081543,-4.506999969482422,4.880000114440918,24.47599983215332,0,77.0,77.0,0.9
O30012,142,R,2.2137850283782843e-22,2.258333833853415e-22,21.547563552856445,-7.0329999923706055,4.021999835968018,27.25,0,77.0,77.0,0.9
O30012,143,L,1.5120693980304205e-21,1.5432912252380708e-21,21.53647994995117,-6.229000091552734,3.026000022888184,30.843000411987305,0,77.0,77.0,0.9
O30012,144,D,3.51957161553249e-18,3.472629529360412e-18,22.27831077575684,-8.085000038146973,3.122999906539917,34.08100128173828,0,77.0,77.0,0.9
O30012,145,V,1.7654558703839033e-08,1.701586604951899e-08,22.806241989135746,-6.704999923706055,5.186999797821045,37.10900115966797,0,77.0,77.0,0.9
O30012,146,E,1.358142903695736e-10,1.3404177767739609e-10,22.2718448638916,-4.936999797821045,2.2160000801086426,38.70299911499024,0,77.0,77.0,0.9
O30012,147,E,9.9513876282067e-25,1.0458160748405862e-24,20.91602897644043,-3.434999942779541,0.8960000276565552,35.518001556396484,0,77.0,77.0,0.9
O30012,148,H,4.64546460904903e-24,4.9893105394035964e-24,20.46630859375,-2.3489999771118164,4.427000045776367,34.45600128173828,0,77.0,77.0,0.9
O30012,149,D,5.866865442781322e-24,5.924952426676366e-24,21.76567649841309,-0.5659999847412109,5.373000144958496,37.67499923706055,0,77.0,77.0,0.9
O30012,150,R,3.379181700083333e-14,3.3942121303257716e-14,21.88383674621582,1.055999994277954,1.9229999780654907,38.00400161743164,0,77.0,77.0,0.9
O30012,151,K,2.0916572869674197e-18,2.0414534208448924e-18,22.5217399597168,2.436000108718872,2.200999975204468,34.4630012512207,0,77.0,77.0,0.9
O30012,152,M,5.557659160916722e-20,5.440289340578836e-20,22.455400466918945,3.5280001163482666,5.900000095367432,35.18399810791016,0,77.0,77.0,0.9
O30012,153,A,2.345648675294853e-10,2.2801273369399408e-10,22.61282157897949,5.3460001945495605,4.671999931335449,38.30699920654297,0,77.0,77.0,0.9
O30012,154,E,4.41079133646888e-27,4.7680043484620686e-27,20.33437156677246,7.186999797821045,1.9589999914169312,36.29899978637695,0,77.0,77.0,0.9
O30012,155,I,2.9973097781521574e-08,2.805442100850541e-08,23.484493255615234,8.114999771118164,4.308000087738037,33.391998291015625,0,77.0,77.0,0.9
O30012,156,Q,0.0006290497258305,0.0006179396877996,22.37637710571289,8.312000274658203,7.947000026702881,34.66600036621094,1,77.0,77.0,0.9
O30012,157,G,1.4794674807571913e-22,1.652232562839407e-22,19.682722091674805,8.916000366210938,7.144000053405762,38.3129997253418,0,77.0,77.0,0.9
O30012,158,I,3.965100717644552e-27,4.0150624218898676e-27,21.70764923095703,11.980999946594238,4.953000068664551,37.680999755859375,0,77.0,77.0,0.9
O30012,159,A,3.3114087472085885e-08,3.2798940452494214e-08,22.19237899780273,13.388999938964844,7.165999889373779,34.90599822998047,0,77.0,77.0,0.9
O30012,160,H,1.910355554302079e-12,1.9120033247638224e-12,21.962230682373047,13.005000114440918,10.324999809265137,37.053001403808594,0,77.0,77.0,0.9
O30012,161,F,2.049709290818934e-20,2.0013704390967262e-20,22.512083053588867,14.494999885559082,8.67199993133545,40.13999938964844,0,77.0,77.0,0.9
O30012,162,A,6.179901035352485e-11,5.948067732797213e-11,22.83791732788086,17.493000030517578,7.35699987411499,38.196998596191406,0,77.0,77.0,0.9
O30012,163,L,3.682670425241393e-25,3.7876949288199257e-25,21.37168312072754,18.11599922180176,10.77299976348877,36.48400115966797,0,77.0,77.0,0.9
O30012,164,V,3.8844994031584444e-24,4.009023069199843e-24,21.29842185974121,17.697999954223633,12.746999740600586,39.81900024414063,0,77.0,77.0,0.9
O30012,165,S,1.1629048835004594e-09,1.122318016300028e-09,22.77608871459961,20.018999099731445,10.279999732971191,41.65800094604492,0,77.0,77.0,0.9
O30012,166,M,2.260527320766876e-29,2.3504294296443185e-29,21.140411376953125,22.549999237060547,10.598999977111816,38.82899856567383,0,77.0,77.0,0.9
O30012,167,A,1.776045349244961e-29,1.91836465082444e-29,20.350439071655277,22.290000915527344,14.446000099182127,38.98400115966797,0,77.0,77.0,0.9
O30012,168,D,1.2347694973032706e-20,1.2921819710455596e-20,21.004535675048828,22.750999450683597,14.335000038146973,42.81700134277344,0,77.0,77.0,0.9
O30012,169,F,3.612466714653095e-10,3.422876426739663e-10,23.198692321777344,25.79599952697754,12.095000267028809,42.45299911499024,0,77.0,77.0,0.9
O30012,170,L,1.434201288961385e-20,1.4191842449931396e-20,22.213768005371094,27.386999130249023,14.37600040435791,39.7239990234375,0,77.0,77.0,0.9
O30012,171,R,4.001330460528145e-22,3.963499468304131e-22,22.19098281860352,26.89699935913086,17.71299934387207,41.75699996948242,0,77.0,77.0,0.9
O30012,172,Y,1.764811297100266e-09,1.6847988559831604e-09,23.02507781982422,30.19099998474121,16.81599998474121,43.29399871826172,0,77.0,77.0,0.9
O30012,173,G,1.537952057373282e-12,1.489069501384166e-12,22.7027645111084,32.11100006103516,16.33099937438965,40.09099960327149,0,77.0,77.0,0.9
O30012,174,K,0.0004623748245649,0.0004520943330135,22.481019973754883,31.791000366210938,19.28899955749512,37.58000183105469,1,77.0,77.0,0.9
O30012,175,E,1.1394989769542008e-06,1.1206299177501933e-06,22.35129165649414,35.45000076293945,18.89800071716309,36.56499862670898,1,77.0,77.0,0.9
O30012,176,E,2.0840847222893674e-13,2.015236529083822e-13,22.73213577270508,34.70399856567383,15.345000267028809,35.50400161743164,0,77.0,77.0,0.9
O30012,177,L,1.5028614415557432e-18,1.5898855982848441e-18,20.77800941467285,32.30500030517578,16.406999588012695,32.63800048828125,0,77.0,77.0,0.9
O30012,178,K,1.7356745207752766e-10,1.7211304603748087e-10,22.16692352294922,35.37300109863281,17.148000717163086,30.4379997253418,0,77.0,77.0,0.9
O30012,179,Y,2.7098569190765432e-24,2.8428229745256182e-24,20.953060150146484,35.821998596191406,13.265000343322754,30.400999069213867,0,77.0,77.0,0.9
O30012,180,A,1.2997777651079505e-17,1.2902383046936828e-17,22.143693923950195,32.176998138427734,12.548999786376951,29.59199905395508,0,77.0,77.0,0.9
O30012,181,S,2.167865340422061e-23,2.2013867224119795e-23,21.646459579467773,31.413000106811523,10.079999923706056,26.743000030517575,0,77.0,77.0,0.9
O30012,182,P,9.950554910024786e-28,1.0311532922466258e-27,21.211673736572266,28.761999130249023,11.04699993133545,24.18600082397461,0,77.0,77.0,0.9
O30012,183,I,2.85817688071751e-20,2.9119772247458424e-20,21.57505989074707,26.207000732421875,8.697999954223633,26.03499984741211,0,77.0,77.0,0.9
O30012,184,F,2.6862464252985774e-08,2.6354687321372694e-08,22.404687881469727,27.041000366210938,10.369999885559082,29.33300018310547,0,77.0,77.0,0.9
O30012,185,T,3.981921856930615e-21,4.1951005987316645e-21,20.86417579650879,26.545000076293945,13.836999893188477,27.76799964904785,0,77.0,77.0,0.9
O30012,186,V,4.075680178268215e-18,4.188790509589941e-18,21.38761329650879,23.052000045776367,12.604000091552734,26.718000411987305,0,77.0,77.0,0.9
O30012,187,L,3.9189076983525695e-10,3.6436334505118845e-10,23.64183807373047,22.268999099731445,11.309000015258787,30.19499969482422,0,77.0,77.0,0.9
O30012,188,Y,1.6837930827435485e-21,1.74877835864305e-21,21.16434669494629,23.48200035095215,14.562000274658203,31.74099922180176,0,77.0,77.0,0.9
O30012,189,K,5.4182269337843536e-08,5.241255607302264e-08,22.723369598388672,21.322999954223636,16.625999450683594,29.357999801635746,0,77.0,77.0,0.9
O30012,190,L,5.258434011745721e-26,5.372094077046096e-26,21.5161075592041,18.30900001525879,14.440999984741213,30.26099967956543,0,77.0,77.0,0.9
O30012,191,A,1.655283200616807e-17,1.6566988375171302e-17,21.96239280700684,19.02199935913086,14.899999618530272,33.98899841308594,0,77.0,77.0,0.9
O30012,192,S,6.826277399411197e-18,6.6936679395097586e-18,22.41664695739746,19.483999252319336,18.663000106811523,33.48699951171875,0,77.0,77.0,0.9
O30012,193,R,2.86475981579323e-24,2.8428229745256182e-24,22.150793075561523,16.128999710083008,18.850000381469727,31.767000198364254,0,77.0,77.0,0.9
O30012,194,I,1.550491301603601e-32,1.73570865673809e-32,19.63556480407715,14.380000114440918,17.121000289916992,34.722999572753906,0,77.0,77.0,0.9
O30012,195,I,1.2320882660787902e-06,1.1929042784686317e-06,22.703203201293945,16.17099952697754,19.233999252319336,37.39599990844727,1,77.0,77.0,0.9
O30012,196,N,0.0002752393193077,0.0002742091019172,22.063758850097656,15.246000289916992,22.506000518798828,35.62799835205078,1,77.0,77.0,0.9
O30012,197,Q,2.6969504225158546e-17,2.7314347550725778e-17,21.703662872314453,11.53600025177002,21.600000381469727,35.92100143432617,0,77.0,77.0,0.9
O30012,198,N,3.2360874197207257e-22,3.3376015751014213e-22,21.312610626220703,9.199999809265137,22.23200035095215,38.83300018310547,0,77.0,77.0,0.9
O30012,199,W,6.072073688301316e-07,5.998299457132816e-07,22.25152587890625,10.289999961853027,19.94300079345703,41.742000579833984,1,77.0,77.0,0.9
O30012,200,E,1.959530488568993e-24,1.984610151683006e-24,21.70339775085449,6.771999835968018,19.607999801635746,43.25400161743164,0,77.0,77.0,0.9
O30012,201,M,3.6693044591013934e-24,3.7077401289864775e-24,21.75331115722656,5.553999900817871,17.83099937438965,40.0880012512207,0,77.0,77.0,0.9
O30012,202,Y,2.394331537168017e-15,2.3831108917157398e-15,22.08467102050781,8.42300033569336,15.272000312805176,40.422000885009766,0,77.0,77.0,0.9
O30012,203,F,3.602628769140151e-19,3.5475142419136263e-19,22.32267570495605,7.765999794006348,14.98900032043457,44.16400146484375,0,77.0,77.0,0.9
O30012,204,Q,8.636532020754685e-24,9.176745546371845e-24,20.68719482421875,4.125999927520752,13.89799976348877,43.44499969482422,0,77.0,77.0,0.9
O30012,205,I,9.436579989641204e-12,9.121656555088896e-12,22.740070343017575,5.287000179290772,11.439000129699709,40.72600173950195,0,77.0,77.0,0.9
O30012,206,Q,8.311929811100072e-09,8.292870390391727e-09,22.03169250488281,7.883999824523926,10.03600025177002,43.17100143432617,0,77.0,77.0,0.9
O30012,207,K,2.0509522899447848e-12,1.972696528698692e-12,22.8531551361084,5.289999961853027,9.798999786376951,45.96599960327149,0,77.0,77.0,0.9
O30012,208,N,2.6367044668288143e-25,2.728174367903388e-25,21.24419212341309,3.08899998664856,7.776000022888184,43.52799987792969,0,77.0,77.0,0.9
O30012,209,A,1.642561260617459e-11,1.6009006620354427e-11,22.55319595336914,6.068999767303467,5.574999809265137,42.5009994506836,0,77.0,77.0,0.9
O30012,210,E,6.739933466257776e-21,6.916551471218836e-21,21.419872283935547,7.214000225067139,4.662000179290772,46.14899826049805,0,77.0,77.0,0.9
O30012,211,D,2.2435177729635937e-19,2.219977763693983e-19,22.214256286621094,6.590000152587891,0.8500000238418579,45.87799835205078,0,77.0,77.0,0.9
O30012,212,V,2.4877130656028937e-14,2.4068569945238927e-14,22.7196102142334,8.13599967956543,0.6830000281333923,42.34799957275391,0,77.0,77.0,0.9
O30012,213,R,1.3278052058741682e-14,1.3291926458417706e-14,21.958229064941406,11.201000213623049,2.739000082015991,43.50400161743164,0,77.0,77.0,0.9
O30012,214,E,9.825329569043697e-13,9.614156259302176e-13,22.463987350463867,11.732000350952148,0.382999986410141,46.527000427246094,0,77.0,77.0,0.9
O30012,215,E,1.8971873598754973e-15,1.855968619079735e-15,22.469348907470703,11.496999740600586,-2.594000101089477,44.09600067138672,0,77.0,77.0,0.9
O30012,216,Y,1.3422008395165597e-19,1.3892265743280822e-19,21.237106323242188,13.965999603271484,-0.859000027179718,41.665000915527344,0,77.0,77.0,0.9
O30012,217,L,8.731232405843752e-23,8.843763729517892e-23,21.701478958129883,16.445999145507812,-0.1770000010728836,44.56700134277344,0,77.0,77.0,0.9
O30012,218,R,2.0344588954840371e-22,2.056236631395675e-22,21.748369216918945,16.216999053955078,-3.803999900817871,45.7400016784668,0,77.0,77.0,0.9
O30012,219,R,1.316473842255541e-19,1.3050575865795729e-19,22.173460006713867,16.893999099731445,-5.047999858856201,42.08300018310547,0,77.0,77.0,0.9
O30012,220,A,1.3342008074586926e-20,1.3332001935673162e-20,21.99767303466797,19.70400047302246,-2.509000062942505,41.62099838256836,0,77.0,77.0,0.9
O30012,221,M,0.0008135311072692,0.0007934502791613,22.53747940063477,21.381000518798828,-3.88100004196167,44.81900024414063,1,77.0,77.0,0.9
O30012,222,E,2.123966382667313e-17,2.0617949915194598e-17,22.64399528503418,20.878999710083008,-7.482999801635742,43.483001708984375,0,77.0,77.0,0.9
O30012,223,L,7.255200400960865e-14,7.413640963063392e-14,21.511404037475582,22.43199920654297,-6.355999946594238,40.17399978637695,0,77.0,77.0,0.9
O30012,224,H,0.045853566378355,0.0461148768663406,21.856616973876957,25.327999114990234,-4.703000068664551,42.02199935913086,1,77.0,77.0,0.9
O30012,225,E,8.525101402239325e-17,8.95602941415495e-17,20.92353057861328,26.131999969482425,-8.052000045776367,43.75600051879883,0,77.0,77.0,0.9
O30012,226,K,6.232448868104257e-07,5.998299457132816e-07,22.839229583740234,25.875999450683597,-10.003999710083008,40.41400146484375,1,77.0,77.0,0.9
O30012,227,M,4.520288206551819e-19,4.699692824669031e-19,21.142070770263672,28.138999938964844,-7.425000190734863,38.64400100708008,0,77.0,77.0,0.9
O30012,228,K,2.7220178001070288e-17,2.7314347550725778e-17,21.905391693115234,31.017000198364254,-8.625,40.979000091552734,0,77.0,77.0,0.9
O30012,229,D,2.2632780353541063e-22,2.330021221516576e-22,21.351526260375977,31.03899955749512,-11.940999984741213,39.12699890136719,0,77.0,77.0,0.9
O30012,230,R,1.5346358905876656e-10,1.4721608654344462e-10,22.914003372192383,32.14699935913086,-12.01099967956543,35.391998291015625,0,77.0,77.0,0.9
O30012,231,E,4.3034101818102206e-24,4.472388132013088e-24,21.150671005249023,29.895000457763672,-14.90999984741211,34.4640007019043,0,77.0,77.0,0.9
O30012,232,S,4.900782284465244e-16,4.692623937677501e-16,22.95623016357422,26.733999252319336,-13.593000411987305,36.2509994506836,0,77.0,77.0,0.9
O30012,233,F,5.978436710288738e-18,5.90714118611218e-18,22.24647331237793,27.34000015258789,-10.168999671936035,34.63800048828125,0,77.0,77.0,0.9
O30012,234,R,2.0482616894059976e-22,2.0886177938331872e-22,21.556455612182617,27.63800048828125,-11.843000411987305,31.13800048828125,0,77.0,77.0,0.9
O30012,235,E,4.070609045639995e-24,4.136283293721455e-24,21.63216590881348,24.381999969482425,-13.842000007629396,31.67300033569336,0,77.0,77.0,0.9
O30012,236,I,8.729987257087688e-18,8.594840007066935e-18,22.326810836791992,22.457000732421875,-10.666000366210938,32.630001068115234,0,77.0,77.0,0.9
O30012,237,F,0.0142773063853383,0.0140642439946532,22.314170837402344,23.97100067138672,-8.635000228881836,29.93000030517578,1,77.0,77.0,0.9
O30012,238,E,4.771891599239502e-25,5.017880616200373e-25,20.903602600097656,23.177000045776367,-11.303000450134276,27.250999450683597,0,77.0,77.0,0.9
O30012,239,S,6.953948591055693e-18,6.906147891407786e-18,22.133316040039062,19.650999069213867,-11.6850004196167,28.613000869750977,0,77.0,77.0,0.9
O30012,240,L,4.1106145722523413e-13,3.884469785761513e-13,23.260866165161133,19.107999801635746,-7.890999794006348,28.47100067138672,0,77.0,77.0,0.9
O30012,241,R,2.401157226961424e-23,2.5337806801193619e-23,20.83063316345215,20.69300079345703,-7.666999816894531,25.048999786376957,0,77.0,77.0,0.9
O30012,242,K,8.292513377361477e-12,8.049834236689701e-12,22.643842697143555,17.961000442504883,-10.081000328063965,23.645999908447266,0,77.0,77.0,0.9
O30012,243,I,4.85067194744282e-12,4.586657442740005e-12,23.246442794799805,15.199000358581545,-7.861999988555908,25.15900039672852,0,77.0,77.0,0.9
O30012,244,Y,1.236031499374235e-09,1.2326252241123823e-09,22.04191780090332,16.57200050354004,-4.506999969482422,23.924999237060547,0,77.0,77.0,0.9
O30012,245,T,7.076136593462755e-23,7.218069709707568e-23,21.548946380615234,17.777000427246094,-5.441999912261963,20.440000534057617,0,77.0,77.0,0.9
O30012,246,D,8.400764350650902e-15,8.317874553465544e-15,22.20022392272949,14.027000427246094,-5.926000118255615,19.673999786376957,0,77.0,77.0,0.9
O30012,247,Y,0.0173159819096326,0.0169647168368101,22.43630790710449,13.229000091552734,-2.378999948501587,21.167999267578125,1,77.0,77.0,0.9
O30012,248,E,3.064498127422171e-26,3.109129473879005e-26,21.66563606262207,15.95199966430664,-0.1550000011920929,19.55599975585937,0,77.0,77.0,0.9
O30012,249,S,9.377879747505073e-16,9.332397254611068e-16,22.08830070495605,14.059000015258787,-0.7250000238418579,16.354999542236328,0,77.0,77.0,0.9
O30012,250,S,1.1478522125851764e-12,1.1240086552483097e-12,22.447460174560547,11.128999710083008,1.6390000581741333,17.30699920654297,0,77.0,77.0,0.9
O30012,251,T,1.125337140613492e-27,1.2055403746245596e-27,20.5187931060791,12.789999961853027,4.764999866485596,18.89699935913086,0,77.0,77.0,0.9
O30012,252,I,6.063065641759827e-23,6.47023588244529e-23,20.5979061126709,15.20199966430664,5.419000148773193,15.95699977874756,0,77.0,77.0,0.9
O30012,253,I,7.827729291420837e-07,7.701968911533186e-07,22.340089797973636,12.29300022125244,6.789000034332275,13.86400032043457,1,77.0,77.0,0.9
O30012,254,L,0.0141936158761382,0.0140642439946532,22.18337059020996,11.539999961853027,9.803000450134276,16.07900047302246,1,77.0,77.0,0.9
O30012,255,E,8.185427335522772e-25,8.806654805346254e-25,20.430606842041016,15.071999549865724,10.876999855041504,16.71500015258789,0,77.0,77.0,0.9
O30012,256,S,5.717708598251825e-11,5.5876924615061434e-11,22.492639541625977,16.20400047302246,10.604000091552734,13.09000015258789,0,77.0,77.0,0.9
O30012,257,Y,5.1395763074864624e-18,5.052645828961733e-18,22.359357833862305,13.378999710083008,13.03499984741211,12.279999732971191,0,77.0,77.0,0.9
O30012,258,K,4.5289095772655104e-21,4.75367207881657e-21,20.941864013671875,14.513999938964844,15.538999557495115,14.958999633789062,0,77.0,77.0,0.9
O30012,259,A,7.291551787484543e-23,7.331736993085227e-23,21.86069679260254,18.23200035095215,15.309000015258787,13.928999900817873,0,77.0,77.0,0.9
O30012,260,T,2.0280464807509446e-10,1.950296174557664e-10,22.85747337341309,17.459999084472656,16.642000198364258,10.378000259399414,0,77.0,77.0,0.9
O30012,261,K,7.187517248041786e-09,6.875031655084741e-09,22.980268478393555,16.96500015258789,20.13999938964844,11.751999855041504,0,77.0,77.0,0.9
O30012,262,K,3.575636675634541e-09,3.456982700100752e-09,22.735633850097656,20.483999252319336,20.427000045776367,13.215999603271484,0,77.0,77.0,0.9
O30012,263,A,1.6029432003961123e-08,1.5984927159706785e-08,22.04237365722656,22.90999984741211,18.47599983215332,10.93299961090088,0,77.0,77.0,0.9
O30012,264,E,7.612722810419963e-22,7.639845489172146e-22,21.90313720703125,25.624000549316406,20.96999931335449,10.012999534606934,0,77.0,77.0,0.9
O30012,265,S,1.746397311373829e-22,1.7315246958466437e-22,22.16997718811035,28.13599967956543,18.65900039672852,8.211000442504883,0,77.0,77.0,0.9
O30012,266,I,1.7631737736500952e-10,1.7211304603748087e-10,22.518123626708984,27.881000518798828,16.445999145507812,4.949999809265137,0,77.0,77.0,0.9
O30012,267,E,0.000190468825167,0.0001884609519038,22.21536445617676,28.948999404907227,13.371000289916992,7.051000118255615,1,77.0,77.0,0.9
O30012,268,E,4.6766891534880684e-26,4.8913468339648566e-26,21.016525268554688,26.121999740600582,13.888999938964844,9.55500030517578,0,77.0,77.0,0.9
O30012,269,L,3.396145779489411e-16,3.2251901785362597e-16,23.146318435668945,23.679000854492188,14.211999893188477,6.620999813079834,0,77.0,77.0,0.9
O30012,270,R,2.2885755790458266e-12,2.306316162353772e-12,21.812091827392575,25.07999992370605,10.982999801635742,5.111000061035156,0,77.0,77.0,0.9
O30012,271,G,6.1643331452508435e-18,6.2881198967387915e-18,21.5484561920166,24.78400039672852,9.244999885559082,8.442999839782715,0,77.0,77.0,0.9
O30012,272,L,9.874663646769477e-07,9.290347975365876e-07,23.363679885864254,21.27899932861328,10.491999626159668,8.668000221252441,1,77.0,77.0,0.9
O30012,273,I,3.2228411020636394e-14,3.188567438512299e-14,22.21744728088379,20.415000915527344,9.270000457763672,5.144999980926514,0,77.0,77.0,0.9
O30012,274,K,0.0006264791591092,0.0006179396877996,22.28493881225586,21.822999954223636,5.735000133514404,6.0879998207092285,1,77.0,77.0,0.9
O30012,275,S,1.0235816209090964e-18,1.0265073587356964e-18,21.91852378845215,19.64800071716309,5.831999778747559,9.215999603271484,0,77.0,77.0,0.9
O30012,276,I,1.3331863349398994e-29,1.4145133912032345e-29,20.717374801635746,16.547000885009766,6.826000213623047,7.15399980545044,0,77.0,77.0,0.9
O30012,277,D,5.587891260816491e-11,5.5876924615061434e-11,21.981956481933597,17.259000778198242,4.065999984741211,4.552999973297119,0,77.0,77.0,0.9
O30012,278,S,3.256855674038661e-09,3.1476188322443477e-09,22.74402236938477,17.540000915527344,1.4600000381469729,7.296000003814697,0,77.0,77.0,0.9
O30012,279,L,1.744049819092072e-23,1.8250137692385253e-23,21.006011962890625,14.265000343322754,2.8299999237060547,8.645000457763672,0,77.0,77.0,0.9
O30012,280,I,2.135463034935433e-30,2.363888858769143e-30,19.85710334777832,12.541999816894531,2.7230000495910645,5.271999835968018,0,77.0,77.0,0.9
O30012,281,L,0.0003441002918407,0.0003307592996861,22.867773056030277,13.753999710083008,-0.9179999828338624,4.815999984741211,1,77.0,77.0,0.9
O30012,282,R,1.478518136513767e-20,1.5107137184766928e-20,21.51272201538086,12.376999855041504,-1.9600000381469729,8.23900032043457,0,77.0,77.0,0.9
O30012,283,L,7.8886822585021235e-22,8.522863317427398e-22,20.345569610595703,9.05500030517578,-0.1560000032186508,7.566999912261963,0,77.0,77.0,0.9
O30012,284,I,7.354543363202737e-11,7.174738581028349e-11,22.532039642333984,8.904999732971191,-2.059000015258789,4.283999919891357,0,77.0,77.0,0.9
O30012,285,E,0.0005228610243648,0.0005122899892739,22.43475151062012,9.645000457763672,-5.366000175476074,6.160999774932861,1,77.0,77.0,0.9
O30012,286,R,4.761859773436942e-22,4.706772291139038e-22,22.238439559936523,6.88700008392334,-4.574999809265137,8.755999565124512,0,77.0,77.0,0.9
O30012,287,R,5.981851890882534e-31,6.66765457325961e-31,19.72029685974121,4.456999778747559,-3.7190001010894775,5.979000091552734,0,77.0,77.0,0.9
O30012,288,I,7.116845602704504e-22,7.289991609940633e-22,21.459095001220703,5.339000225067139,-7.109000205993652,4.333000183105469,0,77.0,77.0,0.9
O30012,289,D,7.142236427171156e-06,6.864690021757269e-06,22.869895935058597,4.757999897003174,-8.899999618530273,7.671999931335449,1,77.0,77.0,0.9
O30012,290,A,1.9181219805853665e-22,1.992972889805081e-22,21.15561866760254,1.347000002861023,-7.183000087738037,8.026000022888184,0,77.0,77.0,0.9
O30012,291,A,5.5447511851724164e-21,5.5576052003064504e-21,21.930334091186523,0.5289999842643738,-8.244999885559082,4.465000152587891,0,77.0,77.0,0.9
O30012,292,R,1.4916369315156437e-17,1.4620314756478808e-17,22.42628288269043,1.4520000219345093,-11.892999649047852,5.353000164031982,0,77.0,77.0,0.9
O30012,293,Q,1.480175913994803e-16,1.431169366993527e-16,22.73386001586914,-0.8510000109672546,-11.684000015258787,8.387999534606934,0,77.0,77.0,0.9
O30012,294,I,1.882961653284598e-15,1.7988665282152967e-15,23.008771896362305,-3.694000005722046,-10.20699977874756,6.271999835968018,0,77.0,77.0,0.9
O30012,295,A,2.737809978725636e-09,2.6923008267232262e-09,22.352731704711918,-3.2179999351501465,-13.053000450134276,3.740000009536743,0,77.0,77.0,0.9
O30012,296,R,4.2810970144477733e-23,4.377980177661586e-23,21.49473762512207,-3.4739999771118164,-15.65999984741211,6.544000148773193,0,77.0,77.0,0.9
O30012,297,I,1.0877435556388684e-20,1.0712564081581374e-20,22.319475173950195,-6.613999843597412,-14.027999877929688,8.041000366210938,0,77.0,77.0,0.9
O30012,298,K,0.0365072526037693,0.0359143018722534,22.344087600708008,-8.234999656677246,-13.880000114440918,4.60699987411499,1,77.0,77.0,0.9
O30012,299,M,2.1053377097235424e-10,2.0760795860219614e-10,22.29095458984375,-7.348999977111816,-17.5310001373291,3.8440001010894775,0,77.0,77.0,0.9
O30012,300,E,4.0055402254073945e-18,3.8139370713992865e-18,23.0854549407959,-8.788000106811523,-18.552000045776367,7.209000110626221,0,77.0,77.0,0.9
O30012,301,R,3.718633043533682e-18,3.8139370713992865e-18,21.43190193176269,-12.029000282287598,-16.697999954223633,6.203999996185303,0,77.0,77.0,0.9
O30012,302,G,1.670402161835227e-05,1.646753662498668e-05,22.296838760375977,-12.107000350952148,-17.959999084472656,2.6480000019073486,1,77.0,77.0,0.9
O30012,303,E,6.54095306072683e-16,6.216716789451764e-16,23.127613067626957,-11.807000160217283,-14.288999557495115,1.4730000495910645,0,77.0,77.0,0.9
O30012,304,P,7.184545872782512e-21,7.362630426964363e-21,21.449501037597656,-9.996999740600586,-13.232999801635742,-1.7599999904632568,0,77.0,77.0,0.9
O30012,305,I,5.834234462730181e-13,5.651871115217033e-13,22.69042015075684,-6.307000160217285,-11.998000144958496,-0.9200000166893004,0,77.0,77.0,0.9
O30012,306,E,6.466780178016052e-07,6.385156439137063e-07,22.26216697692871,-6.568999767303467,-8.88700008392334,-3.13100004196167,1,77.0,77.0,0.9
O30012,307,L,4.1850855676263157e-17,4.230528554374265e-17,21.745059967041016,-7.705999851226807,-5.375999927520752,-1.919999957084656,0,77.0,77.0,0.9
O30012,308,K,2.2225187388722444e-15,2.2387254437685345e-15,21.82204818725586,-6.453999996185303,-3.203000068664551,-4.831999778747559,0,77.0,77.0,0.9
O30012,309,D,3.9873364972098555e-21,4.0660309387082e-21,21.555747985839844,-8.975000381469727,-0.3799999952316284,-4.22599983215332,0,77.0,77.0,0.9
O30012,310,V,1.3317225100450971e-09,1.2717529251915494e-09,23.017698287963867,-7.818999767303467,0.0979999974370002,-0.6819999814033508,0,77.0,77.0,0.9
O30012,311,E,5.5472568218765896e-18,5.549245777659474e-18,21.973297119140625,-4.178999900817871,0.4639999866485595,-1.7630000114440918,0,77.0,77.0,0.9
O30012,312,E,2.6994209090247523e-09,2.609467530945153e-09,22.73890686035156,-4.706999778747559,3.015000104904175,-4.557000160217285,0,77.0,77.0,0.9
O30012,313,E,5.595602598005254e-21,5.73402206466934e-21,21.45054817199707,-6.964000225067139,5.166999816894531,-2.3010001182556152,0,77.0,77.0,0.9
O30012,314,K,2.604549263196532e-05,2.550541830714792e-05,22.446622848510746,-4.290999889373779,5.068999767303467,0.3619999885559082,1,77.0,77.0,0.9
O30012,315,L,6.336289055954277e-25,6.544550307084887e-25,21.281686782836918,-1.6660000085830688,5.804999828338623,-2.259999990463257,0,77.0,77.0,0.9
O30012,316,W,4.395908970167284e-09,4.302284750679064e-09,22.459518432617188,-3.690000057220459,8.835000038146973,-3.344000101089477,0,77.0,77.0,0.9
O30012,317,E,2.9118419928452143e-24,3.073824718971034e-24,20.82282257080078,-4.086999893188477,9.88599967956543,0.238999992609024,0,77.0,77.0,0.9
O30012,318,V,4.450592989885576e-28,4.575714880582581e-28,21.380104064941406,-0.3050000071525574,9.71500015258789,0.7839999794960022,0,77.0,77.0,0.9
O30012,319,M,1.1818794708640286e-15,1.1983034397112897e-15,21.67989921569824,0.3339999914169311,11.515999794006348,-2.5420000553131104,0,77.0,77.0,0.9
O30012,320,S,3.012733735111241e-17,2.999893906770948e-17,22.075254440307617,-2.0309998989105225,14.45300006866455,-1.6540000438690186,0,77.0,77.0,0.9
O30012,321,K,3.967239612376596e-17,4.100369038011085e-17,21.26749610900879,-0.0570000000298023,15.05500030517578,1.5390000343322754,0,77.0,77.0,0.9
O30012,322,T,3.121187345704474e-28,3.2957639877371846e-28,20.81683158874512,3.51200008392334,15.069000244140623,0.1400000005960464,0,77.0,77.0,0.9
O30012,323,T,8.016277461167337e-16,7.982421024869989e-16,22.074405670166016,5.742000102996826,17.739999771118164,-1.4259999990463257,0,77.0,77.0,0.9
O30012,324,L,7.703414137493292e-20,7.672037496648537e-20,22.07107162475586,7.579999923706055,15.034000396728516,-3.388999938964844,0,77.0,77.0,0.9
O30012,325,N,1.4996020655989487e-19,1.525766822349767e-19,21.604228973388672,7.059999942779541,14.291999816894531,-7.059999942779541,0,77.0,77.0,0.9
O30012,326,P,2.3757326160140562e-18,2.3867008241413562e-18,21.88015937805176,3.7739999294281006,12.175999641418455,-6.9670000076293945,0,77.0,77.0,0.9
O30012,327,V,4.487147297200763e-15,4.315256360115606e-15,22.85675811767578,4.859000205993652,10.074000358581545,-10.005000114440918,0,77.0,77.0,0.9
O30012,328,K,7.315043148992117e-08,7.163947657318205e-08,22.44478225708008,8.151000022888184,8.904000282287598,-8.375,0,77.0,77.0,0.9
O30012,329,L,1.1607033083694922e-14,1.1369186232105914e-14,22.44102668762207,6.4720001220703125,8.395999908447266,-5.015999794006348,0,77.0,77.0,0.9
O30012,330,K,8.158353104192884e-09,8.037725152121311e-09,22.31106185913086,3.8550000190734863,6.302999973297119,-6.828999996185303,0,77.0,77.0,0.9
O30012,331,E,5.1275596764536215e-27,5.4028571101221884e-27,20.86114501953125,6.660999774932861,4.15399980545044,-8.375,0,77.0,77.0,0.9
O30012,332,I,1.0212660332168164e-24,1.0296022222251262e-24,21.803203582763672,8.25,3.562999963760376,-5.001999855041504,0,77.0,77.0,0.9
O30012,333,F,0.1054149568080902,0.1039214879274368,22.297069549560547,4.915999889373779,2.638999938964844,-3.3350000381469727,1,77.0,77.0,0.9
O30012,334,E,1.1356915968333875e-20,1.1765450294674872e-20,21.217918395996094,3.941999912261963,0.4799999892711639,-6.288000106811523,0,77.0,77.0,0.9
O30012,335,G,8.738910512293785e-26,9.428318860376967e-26,20.37388801574707,7.308000087738037,-1.3270000219345093,-5.769999980926514,0,77.0,77.0,0.9
O30012,336,I,8.016156651438872e-19,7.748483590156128e-19,22.74051856994629,6.651999950408936,-1.7289999723434448,-1.9980000257492063,0,77.0,77.0,0.9
O30012,337,M,6.954399833780656e-10,6.807202024283754e-10,22.456491470336918,3.0980000495910645,-2.936000108718872,-2.740000009536743,0,77.0,77.0,0.9
O30012,338,S,2.2599237138229947e-15,2.2387254437685345e-15,22.18931198120117,4.364999771118164,-5.421999931335449,-5.263000011444092,0,77.0,77.0,0.9
O30012,339,L,7.440338390958753e-20,7.207212398712314e-20,22.69218063354492,6.730999946594238,-6.927999973297119,-2.6700000762939453,0,77.0,77.0,0.9
O30012,340,A,8.61519185415426e-26,8.996564193593029e-26,21.049373626708984,3.8959999084472656,-7.191999912261963,-0.0780000016093254,0,77.0,77.0,0.9
O30012,341,K,4.797072961082449e-07,4.671480553497531e-07,22.57213592529297,1.6929999589920044,-8.864999771118164,-2.627000093460083,0,77.0,77.0,0.9
O30012,342,E,2.944982480101998e-09,2.865939263685391e-09,22.58741950988769,4.307000160217285,-11.420000076293944,-3.526000022888184,0,77.0,77.0,0.9
O30012,343,E,4.319372692407342e-06,4.163644916843623e-06,22.80331039428711,4.539999961853027,-12.383999824523926,0.101000003516674,1,77.0,77.0,0.9
O30012,344,E,3.222175851346266e-21,3.166628330611986e-21,22.366758346557617,0.6679999828338623,-12.576000213623049,0.460999995470047,0,77.0,77.0,0.9
O30012,345,Y,3.465373517570709e-16,3.5421782300629927e-16,21.504558563232425,0.675000011920929,-14.937999725341797,-2.5209999084472656,0,77.0,77.0,0.9
O30012,346,K,3.696801977001897e-16,3.654618942135245e-16,22.234888076782227,3.4749999046325684,-17.097000122070312,-0.9470000267028807,0,77.0,77.0,0.9
O30012,347,V,1.4340867255616011e-27,1.454159152627994e-27,21.677757263183597,1.4529999494552612,-17.389999389648438,2.191999912261963,0,77.0,77.0,0.9
O30012,348,A,3.7013865750168407e-08,3.602258757950949e-08,22.586057662963867,-1.5399999618530271,-18.295000076293945,0.1040000021457672,0,77.0,77.0,0.9
O30012,349,G,4.824920998655948e-23,4.8839899566058107e-23,21.71532440185547,0.4830000102519989,-21.113000869750977,-1.534000039100647,0,77.0,77.0,0.9
O30012,350,V,5.308662783995965e-14,5.09531551337334e-14,22.901554107666016,-0.0340000018477439,-19.472000122070312,-4.919000148773193,0,77.0,77.0,0.9
O30012,351,K,0.0043407445773482,0.0042893518693745,22.24454116821289,2.7060000896453857,-21.229999542236328,-6.888000011444092,1,77.0,77.0,0.9
O30012,352,Y,2.571519996598908e-26,2.743797203463466e-26,20.601022720336918,2.414999961853028,-19.38599967956543,-10.232999801635742,0,77.0,77.0,0.9
O30012,353,T,4.1078968597991096e-21,4.0660309387082e-21,22.207504272460938,2.299000024795532,-15.925000190734863,-11.968000411987305,0,77.0,77.0,0.9
O30012,354,I,1.2805241651526428e-26,1.3372198449299098e-26,21.049213409423828,0.5609999895095825,-15.092000007629396,-15.25,0,77.0,77.0,0.9
O30012,355,A,1.2205204313886497e-07,1.2186283981918677e-07,22.01530265808105,1.6579999923706057,-12.43000030517578,-17.770000457763672,0,77.0,77.0,0.9
O30012,356,V,6.455454163777983e-29,6.854535737204184e-29,20.701396942138672,-1.246999979019165,-10.611000061035156,-19.57200050354004,0,77.0,77.0,0.9
O30012,357,L,6.750701050128554e-17,6.55237027076243e-17,22.64651298522949,-1.4880000352859497,-8.159000396728516,-22.43199920654297,0,77.0,77.0,0.9
O30012,358,G,1.1688641081803068e-18,1.2001086844703897e-18,21.408899307250977,-2.364000082015991,-4.461999893188477,-21.72800064086914,0,77.0,77.0,0.9
O30012,359,P,7.658372824792535e-10,7.246229172253037e-10,23.23139762878418,-3.0859999656677246,-2.384000062942505,-18.549999237060547,0,77.0,77.0,0.9
O30012,360,Q,1.5830503980881653e-18,1.5409699625687911e-18,22.581432342529297,-5.507999897003174,-3.0989999771118164,-15.70300006866455,0,77.0,77.0,0.9
O30012,361,G,5.717676166993538e-26,5.900091006862164e-26,21.30157470703125,-9.126999855041504,-3.359999895095825,-16.974000930786133,0,77.0,77.0,0.9
O30012,362,S,6.298657274461488e-15,6.085486610208366e-15,22.751161575317383,-8.017000198364258,-4.964000225067139,-20.275999069213867,0,77.0,77.0,0.9
O30012,363,F,1.9921877523233328e-24,1.984610151683006e-24,22.06510162353516,-9.888999938964844,-7.960000038146973,-21.750999450683597,0,77.0,77.0,0.9
O30012,364,S,1.2826281107092968e-13,1.2611027673525846e-13,22.356365203857425,-6.728000164031982,-10.050000190734863,-21.201000213623047,0,77.0,77.0,0.9
O30012,365,E,8.421229685743081e-18,8.594840007066935e-18,21.537168502807617,-7.000999927520752,-9.26200008392334,-17.44499969482422,0,77.0,77.0,0.9
O30012,366,E,1.708329711365347e-21,1.721665777310456e-21,21.810909271240234,-10.73799991607666,-10.064000129699709,-17.479999542236328,0,77.0,77.0,0.9
O30012,367,M,5.067615949413365e-23,5.280852309614932e-23,21.09359359741211,-9.93000030517578,-13.444000244140623,-19.084999084472656,0,77.0,77.0,0.9
O30012,368,A,8.270658660584542e-17,8.15455691329558e-17,22.29413414001465,-7.053999900817871,-14.118000030517578,-16.697999954223633,0,77.0,77.0,0.9
O30012,369,L,2.7703260183584737e-21,2.883247683030291e-21,21.12028694152832,-9.32800006866455,-13.314000129699709,-13.71500015258789,0,77.0,77.0,0.9
O30012,370,K,6.061878429775014e-13,6.016384764516436e-13,22.147388458251957,-11.991000175476074,-15.588000297546388,-15.211000442504885,0,77.0,77.0,0.9
O30012,371,L,6.886069492395563e-09,6.458493739813775e-09,23.4364070892334,-9.47700023651123,-18.459999084472656,-15.55799961090088,0,77.0,77.0,0.9
O30012,372,V,4.900566291063694e-15,4.8898259132925105e-15,22.029455184936523,-7.438000202178955,-18.23900032043457,-12.319000244140623,0,77.0,77.0,0.9
O30012,373,G,9.371251540338645e-22,9.65766989562884e-22,21.32927703857422,-9.555999755859377,-15.907999992370604,-10.107999801635742,0,77.0,77.0,0.9
O30012,374,S,4.1483303066507805e-14,3.9682358554714656e-14,22.978769302368164,-8.369999885559082,-12.847999572753906,-8.22599983215332,0,77.0,77.0,0.9
O30012,375,R,7.073548720472036e-26,7.228942609146513e-26,21.508665084838867,-5.743000030517578,-14.904000282287598,-6.215000152587891,0,77.0,77.0,0.9
O30012,376,V,1.1837853425303673e-23,1.2543122684702938e-23,20.74522590637207,-3.0929999351501465,-15.30500030517578,-8.9350004196167,0,77.0,77.0,0.9
O30012,377,P,1.807612589452843e-19,1.840426198117968e-19,21.589263916015625,-0.5460000038146973,-12.46399974822998,-9.414999961853027,0,77.0,77.0,0.9
O30012,378,L,3.302619085137691e-20,3.1981810704543364e-20,22.698978424072266,-0.9020000100135804,-10.864999771118164,-12.836999893188477,0,77.0,77.0,0.9
O30012,379,R,3.6100726676389175e-21,3.702163153754716e-21,21.43439674377441,2.118000030517578,-9.32900047302246,-14.663999557495115,0,77.0,77.0,0.9
O30012,380,Y,6.373531175350505e-16,6.414055878525111e-16,21.842294692993164,0.9020000100135804,-6.580999851226807,-17.075000762939453,0,77.0,77.0,0.9
O30012,381,C,5.4062159099913995e-18,5.378513217686692e-18,22.094392776489254,2.746000051498413,-6.302000045776367,-20.413000106811523,0,77.0,77.0,0.9
O30012,382,S,2.1456593596676386e-17,2.127243506818125e-17,22.17146873474121,2.6589999198913574,-3.7690000534057617,-23.232999801635746,0,77.0,77.0,0.9
O30012,383,T,2.2851849416595549e-29,2.3504294296443185e-29,21.37100982666016,3.371999979019165,-6.315999984741211,-26.04700088500977,0,77.0,77.0,0.9
O30012,384,T,5.8539200365336966e-21,6.103834806378764e-21,21.081178665161133,2.872999906539917,-10.017999649047852,-26.7810001373291,0,77.0,77.0,0.9
O30012,385,D,0.0162903852760791,0.0159368757158517,22.46875762939453,6.624000072479248,-10.383000373840332,-27.24399948120117,1,77.0,77.0,0.9
O30012,386,E,1.2975717571323328e-17,1.2902383046936828e-17,22.106111526489254,7.243000030517578,-9.192999839782717,-23.660999298095703,0,77.0,77.0,0.9
O30012,387,I,7.508544545544592e-24,7.727594652845457e-24,21.35808563232422,4.728000164031982,-11.831000328063965,-22.31999969482422,0,77.0,77.0,0.9
O30012,388,I,1.7281516306866254e-07,1.71854154018547e-07,22.104093551635746,6.46999979019165,-14.635000228881836,-24.2549991607666,0,77.0,77.0,0.9
O30012,389,K,0.0011704813223332,0.001154463388957,22.286157608032227,10.017000198364258,-13.51200008392334,-23.12299919128418,1,77.0,77.0,0.9
O30012,390,L,2.0351650916549998e-24,2.145875408815527e-24,20.847118377685547,8.805000305175781,-13.425999641418455,-19.493000030517575,0,77.0,77.0,0.9
O30012,391,V,5.1826393818747605e-20,5.272909343628731e-20,21.60486602783203,7.402999877929687,-17.01799964904785,-19.809999465942383,0,77.0,77.0,0.9
O30012,392,E,1.6356692858637009e-21,1.6173553940106777e-21,22.23007583618164,10.486000061035156,-18.23900032043457,-21.67099952697754,0,77.0,77.0,0.9
O30012,393,S,1.332221052224858e-11,1.2863598207457638e-11,22.76484680175781,12.934000015258787,-16.792999267578125,-19.0939998626709,0,77.0,77.0,0.9
O30012,394,G,1.212739153544362e-08,1.1694821111518651e-08,22.794219970703125,10.80500030517578,-18.200000762939453,-16.21500015258789,0,77.0,77.0,0.9
O30012,395,E,4.393229647974488e-28,4.575714880582581e-28,21.104537963867188,10.11400032043457,-14.75,-14.699000358581545,0,77.0,77.0,0.9
O30012,396,V,4.787809333192665e-25,4.940085618917805e-25,21.303613662719727,6.409999847412109,-15.727999687194824,-14.951000213623049,0,77.0,77.0,0.9
O30012,397,D,1.0281412223325792e-12,9.919341823622085e-13,22.783519744873047,4.991000175476074,-19.30599975585937,-14.979999542236328,0,77.0,77.0,0.9
O30012,398,Y,3.908615239193308e-13,3.764957367136807e-13,22.819900512695312,2.308000087738037,-18.63599967956543,-17.604999542236328,0,77.0,77.0,0.9
O30012,399,G,1.672058136223331e-24,1.6975271021940702e-24,21.6513786315918,1.2999999523162842,-16.166000366210938,-20.25200080871582,0,77.0,77.0,0.9
O30012,400,L,1.5117265906354476e-22,1.5043747856520225e-22,22.088594436645508,-2.1070001125335693,-15.265000343322754,-21.625,0,77.0,77.0,0.9
O30012,401,V,9.75167263106599e-21,9.753901333517195e-21,21.976152420043945,-1.9299999475479128,-13.961999893188477,-25.23500061035156,0,77.0,77.0,0.9
O30012,402,P,1.711317401689813e-30,1.8994382513807203e-30,19.80415344238281,-4.849999904632568,-13.012999534606934,-27.58699989318848,0,77.0,77.0,0.9
O30012,403,I,7.29582139060575e-13,7.033866219509355e-13,22.7997989654541,-4.546000003814697,-15.114999771118164,-30.804000854492188,0,77.0,77.0,0.9
O30012,404,E,7.861374325704734e-17,7.903668401296817e-17,21.863548278808597,-7.770999908447266,-14.213000297546388,-32.55099868774414,0,77.0,77.0,0.9
O30012,405,N,1.7382757043646525e-22,1.7864892420610781e-22,21.3879508972168,-10.723999977111816,-11.927000045776367,-32.40599822998047,0,77.0,77.0,0.9
O30012,406,S,2.956153374853701e-23,3.056322932598665e-23,21.260751724243164,-13.85099983215332,-12.991000175476074,-34.28200149536133,0,77.0,77.0,0.9
O30012,407,V,2.3225033869505808e-25,2.297353268696971e-25,22.221811294555664,-14.18299961090088,-9.451000213623049,-35.76900100708008,0,77.0,77.0,0.9
O30012,408,N,1.7959867220737502e-16,1.8376578314029056e-16,21.482725143432617,-10.494000434875488,-8.50100040435791,-36.422000885009766,0,77.0,77.0,0.9
O30012,409,G,5.1343795323634e-21,5.060257202453973e-21,22.30315399169922,-9.138999938964844,-11.973999977111816,-37.23799896240234,0,77.0,77.0,0.9
O30012,410,T,1.472386539054183e-22,1.4580901075321711e-22,22.19669914245605,-5.781000137329102,-13.371999740600586,-36.11399841308594,0,77.0,77.0,0.9
O30012,411,V,1.9430559184341002e-19,1.959123255598089e-19,21.800901412963867,-3.328000068664551,-11.354999542236328,-33.97100067138672,0,77.0,77.0,0.9
O30012,412,L,2.7803980628959835e-06,2.6882512429438066e-06,22.73463630676269,-0.3030000030994415,-11.58899974822998,-36.22200012207031,1,77.0,77.0,0.9
O30012,413,P,3.2660603702049003e-28,3.508322375685641e-28,20.46329689025879,2.289999961853028,-10.293999671936035,-33.694000244140625,0,77.0,77.0,0.9
O30012,414,V,8.68059574173087e-28,9.243197434120296e-28,20.64325523376465,1.368000030517578,-13.333999633789062,-31.447999954223636,0,77.0,77.0,0.9
O30012,415,I,2.8254940275775826e-23,2.8711495102394303e-23,21.631641387939453,1.9539999961853027,-15.722999572753906,-34.32400131225586,0,77.0,77.0,0.9
O30012,416,D,7.568410342884134e-10,7.476250174498489e-10,22.252138137817383,5.39300012588501,-14.109000205993652,-34.992000579833984,0,77.0,77.0,0.9
O30012,417,A,8.053853081410504e-20,8.166842075676126e-20,21.67706298828125,6.330999851226807,-14.225000381469728,-31.413000106811523,0,77.0,77.0,0.9
O30012,418,L,1.761182142459481e-23,1.8250137692385253e-23,21.21236038208008,5.263000011444092,-17.91900062561035,-31.00200080871582,0,77.0,77.0,0.9
O30012,419,L,2.652707316822612e-20,2.5698104100715876e-20,22.690242767333984,7.348000049591064,-18.802000045776367,-34.117000579833984,0,77.0,77.0,0.9
O30012,420,N,2.164086103243271e-13,2.145208110541225e-13,22.174610137939453,10.545000076293944,-17.104999542236328,-32.79199981689453,0,77.0,77.0,0.9
O30012,421,H,1.1979313057963736e-05,1.2047906238876749e-05,21.85602760314941,10.413000106811523,-18.239999771118164,-29.131999969482425,1,77.0,77.0,0.9
O30012,422,D,1.845456903808362e-18,1.858764585503115e-18,21.823802947998047,10.67300033569336,-21.58099937438965,-27.198999404907227,0,77.0,77.0,0.9
O30012,423,V,1.421095703335595e-06,1.3517376373783918e-06,23.109033584594727,7.295000076293945,-21.60300064086914,-25.395999908447266,1,77.0,77.0,0.9
O30012,424,E,1.3329055403725388e-28,1.3955142728577867e-28,20.995004653930664,4.401999950408936,-24.117000579833984,-25.572999954223636,0,77.0,77.0,0.9
O30012,425,V,1.3533565185991505e-26,1.3372198449299098e-26,22.24642944335937,0.6460000276565552,-23.54800033569336,-25.854999542236328,0,77.0,77.0,0.9
O30012,426,F,6.7617655834381866e-18,6.906147891407786e-18,21.52162742614746,-0.9819999933242798,-25.75,-23.232999801635746,0,77.0,77.0,0.9
O30012,427,G,1.535200206569847e-15,1.4913127825946413e-15,22.628053665161133,-4.539000034332275,-24.333999633789062,-23.31599998474121,0,77.0,77.0,0.9
O30012,428,E,2.1226633250483582e-18,2.0414534208448924e-18,22.85559463500977,-7.105000019073486,-22.207000732421875,-25.06100082397461,0,77.0,77.0,0.9
O30012,429,A,3.7715151639770856e-14,3.6131200028405314e-14,22.944805145263672,-9.633000373840332,-19.84600067138672,-23.56100082397461,0,77.0,77.0,0.9
O30012,430,K,1.078069738650678e-14,1.0680362945772721e-14,22.187671661376957,-12.479000091552734,-17.724000930786133,-25.076000213623047,0,77.0,77.0,0.9
O30012,431,L,4.9060800560996036e-11,4.632359426604005e-11,23.28001594543457,-13.871999740600586,-14.401000022888184,-23.90800094604492,0,77.0,77.0,0.9
O30012,432,E,6.923441950344888e-21,7.136106531540575e-21,21.32610893249512,-17.020000457763672,-12.855999946594238,-25.226999282836918,0,77.0,77.0,0.9
O30012,433,V,2.4578545387699203e-31,2.530756347419217e-31,21.347976684570312,-16.125,-9.199000358581545,-25.58799934387207,0,77.0,77.0,0.9
O30012,434,N,1.1606153321394586e-12,1.159688556122418e-12,21.998741149902344,-18.84600067138672,-7.054999828338623,-24.024999618530277,0,77.0,77.0,0.9
O30012,435,H,1.169395691391628e-09,1.157944073959527e-09,22.19856071472168,-18.440000534057617,-3.2939999103546143,-24.48699951171875,0,77.0,77.0,0.9
O30012,436,C,1.4670505180916381e-18,1.4935592785797018e-18,21.59103775024414,-20.011999130249023,-0.7440000176429749,-22.108999252319336,0,77.0,77.0,0.9
O30012,437,L,6.990853615976265e-20,6.770549569459251e-20,22.6964111328125,-20.625,2.9260001182556152,-22.59600067138672,0,77.0,77.0,0.9
O30012,438,V,2.300632095093812e-26,2.310508880146212e-26,21.887210845947266,-19.45499992370605,4.586999893188477,-19.40800094604492,0,77.0,77.0,0.9
O30012,439,A,5.051745582613257e-22,5.250783898024912e-22,21.147947311401367,-19.136999130249023,8.088000297546387,-17.86400032043457,0,77.0,77.0,0.9
O30012,440,K,1.7010320929600196e-09,1.6329629870526219e-09,22.89744758605957,-17.72800064086914,9.89900016784668,-14.763999938964844,0,77.0,77.0,0.9
O30012,441,R,4.535649984502694e-19,4.414952959397785e-19,22.58209991455078,-21.32900047302246,10.510000228881836,-13.536999702453612,0,77.0,77.0,0.9
O30012,442,K,1.1842735993250477e-11,1.171243917824638e-11,22.225706100463867,-24.84600067138672,9.395000457763672,-14.423999786376951,0,77.0,77.0,0.9
O30012,443,I,9.332279957488532e-13,9.031663763224562e-13,22.71281242370605,-25.68000030517578,11.298999786376951,-17.6560001373291,0,77.0,77.0,0.9
O30012,444,E,0.0086831012740731,0.0085303941741585,22.37467193603516,-28.3799991607666,10.946999549865724,-20.39299964904785,1,77.0,77.0,0.9
O30012,445,L,2.539033992158816e-18,2.6212782857182785e-18,21.29150009155273,-27.104999542236328,9.774999618530272,-23.87800025939941,0,77.0,77.0,0.9
O30012,446,K,5.318712510415935e-07,5.293480853652e-07,22.085947036743164,-28.2189998626709,13.156999588012695,-25.476999282836918,0,77.0,77.0,0.9
O30012,447,E,2.944618870316435e-20,3.0044133657289355e-20,21.543699264526367,-25.85099983215332,15.034000396728516,-23.08099937438965,0,77.0,77.0,0.9
O30012,448,I,4.573605938418268e-09,4.438853729027414e-09,22.64846611022949,-22.707000732421875,13.095000267028809,-24.33300018310547,0,77.0,77.0,0.9
O30012,449,K,1.4253670599373438e-07,1.4247210344819905e-07,21.99114227294922,-20.5049991607666,15.413000106811523,-26.565000534057617,0,77.0,77.0,0.9
O30012,450,T,3.470149818260654e-25,3.6711599585580864e-25,20.77762031555176,-17.47800064086914,13.20400047302246,-26.950000762939453,0,77.0,77.0,0.9
O30012,451,I,3.503048097954201e-21,3.588259817950667e-21,21.459178924560547,-16.631999969482422,9.413000106811523,-26.81599998474121,0,77.0,77.0,0.9
O30012,452,Y,5.682773821631154e-18,5.725398025005704e-18,21.817529678344727,-13.121000289916992,8.314000129699707,-25.934999465942383,0,77.0,77.0,0.9
O30012,453,S,6.3900813824736844e-24,6.6097613952073695e-24,21.25061416625977,-12.03600025177002,4.76200008392334,-27.000999450683597,0,77.0,77.0,0.9
O30012,454,H,2.3226526022043954e-14,2.4068569945238927e-14,21.212158203125,-9.592000007629396,2.493000030517578,-28.739999771118164,0,77.0,77.0,0.9
O30012,455,P,3.834397450025234e-15,3.8082008385490265e-15,22.132383346557617,-10.22700023651123,2.375,-32.63199996948242,0,77.0,77.0,0.9
O30012,456,Q,9.435118688577616e-20,8.969520693756538e-20,23.1221923828125,-11.069000244140623,-1.3339999914169312,-32.46500015258789,0,77.0,77.0,0.9
O30012,457,A,7.338475699317418e-25,7.5327312181138945e-25,21.41431999206543,-13.729999542236328,-0.8960000276565552,-29.77300071716309,0,77.0,77.0,0.9
O30012,458,V,1.3733577372870406e-22,1.4580901075321711e-22,20.703807830810547,-15.270000457763672,2.005000114440918,-31.74799919128418,0,77.0,77.0,0.9
O30012,459,A,1.1602155867984634e-13,1.1129192999028566e-13,22.915319442749023,-15.342000007629396,-0.0810000002384185,-34.9739990234375,0,77.0,77.0,0.9
O30012,460,Q,2.3195505819747255e-26,2.3838522983627624e-26,21.38825798034668,-17.1200008392334,-2.900000095367432,-32.946998596191406,0,77.0,77.0,0.9
O30012,461,C,8.092798070843997e-28,8.157093316107419e-28,21.80791473388672,-19.72800064086914,-0.4379999935626983,-31.57900047302246,0,77.0,77.0,0.9
O30012,462,M,5.382124186326109e-07,5.293480853652e-07,22.349266052246094,-20.301000595092773,1.7999999523162842,-34.72800064086914,0,77.0,77.0,0.9
O30012,463,G,3.661194337906997e-23,3.629472978730612e-23,22.173288345336918,-23.90699958801269,0.5720000267028809,-35.21200180053711,0,77.0,77.0,0.9
O30012,464,F,5.701080000671199e-20,5.612982680494887e-20,22.326175689697266,-24.75900077819824,1.5740000009536743,-31.597000122070312,0,77.0,77.0,0.9
O30012,465,I,1.6991739725932355e-25,1.7341330831652033e-25,21.53804588317871,-22.90699958801269,4.960000038146973,-32.0,0,77.0,77.0,0.9
O30012,466,N,8.889543096302077e-05,8.902265835786238e-05,21.94976043701172,-24.679000854492188,5.810999870300293,-35.35699844360352,1,77.0,77.0,0.9
O30012,467,N,1.6753187506538813e-19,1.6757270418343586e-19,21.975818634033203,-28.13500022888184,4.860000133514404,-34.0890007019043,0,77.0,77.0,0.9
O30012,468,Y,1.614658080362815e-14,1.6033122434409332e-14,22.1367244720459,-28.041000366210938,6.442999839782715,-30.545000076293945,0,77.0,77.0,0.9
O30012,469,L,1.1501445973279257e-18,1.1273976474706001e-18,22.424678802490234,-25.17099952697754,8.998000144958496,-30.60400009155273,0,77.0,77.0,0.9
O30012,470,P,6.769846516425679e-26,7.228942609146513e-26,20.585193634033203,-25.05599975585937,10.366000175476074,-34.29399871826172,0,77.0,77.0,0.9
O30012,471,S,5.945719294686569e-07,5.634881290461635e-07,23.193727493286133,-23.770999908447266,13.878999710083008,-33.303001403808594,1,77.0,77.0,0.9
O30012,472,V,1.5006731533833649e-27,1.5723210213954755e-27,20.979530334472656,-21.045000076293945,12.77400016784668,-30.798999786376957,0,77.0,77.0,0.9
O30012,473,A,2.4677177266816813e-27,2.71672698698134e-27,19.966428756713867,-17.333999633789062,13.515999794006348,-31.538000106811523,0,77.0,77.0,0.9
O30012,474,I,4.1186576167439214e-23,4.0489699599210587e-23,22.3594970703125,-15.128000259399414,10.347000122070312,-31.39900016784668,0,77.0,77.0,0.9
O30012,475,R,5.211113148106961e-06,5.0223147809447255e-06,22.80748748779297,-11.621000289916992,10.63700008392334,-30.020999908447266,1,77.0,77.0,0.9
O30012,476,Y,1.3894180542321788e-16,1.4765994497239194e-16,20.6833610534668,-9.302000045776367,7.678999900817871,-30.32900047302246,0,77.0,77.0,0.9
O30012,477,T,3.5657388058556463e-26,3.523105496160317e-26,22.247169494628903,-7.125,6.527999877929688,-27.42200088500977,0,77.0,77.0,0.9
O30012,478,T,4.2089714959864244e-13,4.266255588820239e-13,21.68602752685547,-4.171000003814697,4.065999984741211,-27.198999404907227,0,77.0,77.0,0.9
O30012,479,S,8.081000278659099e-12,7.802166898662755e-12,22.766735076904297,-5.9720001220703125,2.009000062942505,-24.499000549316406,0,77.0,77.0,0.9
O30012,480,T,1.1351566509167584e-29,1.1818701569495093e-29,21.112367630004883,-9.20300006866455,1.7009999752044678,-22.481000900268555,0,77.0,77.0,0.9
O30012,481,S,2.246456611263145e-17,2.2644385251633128e-17,21.806621551513672,-7.24399995803833,3.122999906539917,-19.48200035095215,0,77.0,77.0,0.9
O30012,482,D,8.333569516788014e-22,8.132573311718473e-22,22.524438858032227,-6.426000118255615,6.241000175476074,-21.410999298095703,0,77.0,77.0,0.9
O30012,483,A,2.1380163591286967e-29,2.2959818854837217e-29,20.468849182128903,-10.079999923706056,6.5879998207092285,-22.367000579833984,0,77.0,77.0,0.9
O30012,484,A,3.9147297363378714e-24,3.8856783557812965e-24,22.145517349243164,-11.07699966430664,6.418000221252441,-18.65800094604492,0,77.0,77.0,0.9
O30012,485,R,1.3809928758640725e-21,1.3619496473942925e-21,22.288522720336918,-8.569000244140625,9.279999732971191,-17.658000946044922,0,77.0,77.0,0.9
O30012,486,M,1.382772748300537e-13,1.3424369038270156e-13,22.64163589477539,-9.809000015258787,11.60200023651123,-20.340999603271484,0,77.0,77.0,0.9
O30012,487,L,2.516769908984068e-19,2.438168363745924e-19,22.689802169799805,-13.470000267028809,11.571999549865724,-19.19599914550781,0,77.0,77.0,0.9
O30012,488,D,6.28148683241847e-13,6.404408253724014e-13,21.55928421020508,-15.149999618530272,14.90999984741211,-18.275999069213867,0,77.0,77.0,0.9
O30012,489,D,2.377748605647545e-12,2.3795262635295522e-12,21.964754104614254,-18.770000457763672,15.656999588012695,-17.17799949645996,0,77.0,77.0,0.9
O30012,490,Y,2.4746557244957016e-16,2.4345010688399274e-16,22.343732833862305,-20.08699989318848,15.550000190734863,-20.768999099731445,0,77.0,77.0,0.9
O30012,491,S,1.241086322797108e-17,1.1747753062737333e-17,23.2219181060791,-17.885000228881836,12.715999603271484,-22.246000289916992,0,77.0,77.0,0.9
O30012,492,A,8.88294448622517e-34,9.49092393979488e-34,20.573081970214844,-18.20599937438965,8.895000457763672,-22.36100006103516,0,77.0,77.0,0.9
O30012,493,A,1.1288295497522707e-28,1.2315369862740115e-28,20.147993087768555,-15.878000259399414,6.000999927520752,-23.01499938964844,0,77.0,77.0,0.9
O30012,494,I,1.951211334025856e-25,1.904572644714025e-25,22.51944351196289,-16.235000610351562,2.555999994277954,-24.575000762939453,0,77.0,77.0,0.9
O30012,495,M,2.9695979719690517e-06,2.8616286726901308e-06,22.810523986816406,-14.5600004196167,-0.1570000052452087,-22.42200088500977,1,77.0,77.0,0.9
O30012,496,S,6.437926458602307e-08,6.322161283378591e-08,22.38367080688477,-15.052000045776367,-3.46399998664856,-20.62800025939941,0,77.0,77.0,0.9
O30012,497,E,5.893911775575096e-22,6.2354600223254615e-22,20.77715301513672,-17.347999572753906,-3.766999959945679,-17.554000854492188,0,77.0,77.0,0.9
O30012,498,N,6.711175775460773e-24,7.036054728640658e-24,20.966228485107425,-14.234000205993652,-4.716000080108643,-15.586999893188477,0,77.0,77.0,0.9
O30012,499,A,4.476709562896439e-28,4.575714880582581e-28,21.505565643310547,-12.531999588012695,-1.5010000467300415,-16.660999298095703,0,77.0,77.0,0.9
O30012,500,A,2.33873211357115e-29,2.444059868060196e-29,21.033885955810547,-15.652999877929688,0.4839999973773956,-15.67300033569336,0,77.0,77.0,0.9
O30012,501,R,1.1519843959027535e-16,1.1145958322153566e-16,22.718521118164062,-15.593000411987305,-1.055999994277954,-12.163999557495115,0,77.0,77.0,0.9
O30012,502,F,6.1010333070321554e-12,5.70818696130071e-12,23.493953704833984,-11.847999572753906,-0.5509999990463257,-11.85200023651123,0,77.0,77.0,0.9
O30012,503,Y,9.13185055764559e-16,8.766975233748036e-16,22.896015167236328,-12.050999641418455,3.211999893188477,-12.734000205993652,0,77.0,77.0,0.9
O30012,504,R,9.681378964782902e-18,9.439584972746914e-18,22.544219970703125,-15.29300022125244,3.5910000801086426,-10.618000030517578,0,77.0,77.0,0.9
O30012,505,L,2.1022005145114088e-16,2.0182723872816142e-16,22.89524269104004,-17.190000534057617,4.86299991607666,-13.680999755859377,0,77.0,77.0,0.9
O30012,506,H,0.0001369525707559,0.0001378809829475,21.833166122436523,-20.94599914550781,4.790999889373779,-14.178000450134276,1,77.0,77.0,0.9
O30012,507,V,2.9378715735694767e-16,2.936568731017481e-16,21.99092674255371,-22.05699920654297,2.2320001125335693,-16.791000366210938,0,77.0,77.0,0.9
O30012,508,L,1.6475172361153684e-18,1.5898855982848441e-18,22.77796936035156,-24.58699989318848,4.008999824523926,-19.020000457763672,0,77.0,77.0,0.9
O30012,509,R,6.207015458063427e-19,6.034525035891392e-19,22.60948371887207,-25.256999969482425,1.062000036239624,-21.44499969482422,0,77.0,77.0,0.9
O30012,510,K,2.7323959067571124e-11,2.72322390332258e-11,22.05520820617676,-24.02300071716309,-2.5989999771118164,-21.55599975585937,0,77.0,77.0,0.9
O30012,511,G,4.5302500086778087e-14,4.4966004390020054e-14,22.14566802978516,-23.597000122070312,-4.75,-24.684999465942383,0,77.0,77.0,0.9
O30012,512,I,1.5735915903647422e-09,1.4868296593917307e-09,23.263856887817383,-23.18899917602539,-1.919999957084656,-27.150999069213867,0,77.0,77.0,0.9
O30012,513,Q,9.287199576545578e-15,9.1353985669034e-15,22.34643173217773,-21.12700080871582,-3.982000112533569,-29.707000732421875,0,77.0,77.0,0.9
O30012,514,D,3.3969677323204928e-18,3.3657877795157662e-18,22.18480491638184,-22.804000854492188,-4.636000156402588,-33.08599853515625,0,77.0,77.0,0.9
O30012,515,L,1.4530407042509521e-13,1.3850505215396577e-13,23.060197830200195,-22.0939998626709,-8.33899974822998,-33.17300033569336,0,77.0,77.0,0.9
O30012,516,K,7.333899980366265e-12,7.10395371000816e-12,22.69267845153809,-23.799999237060547,-9.645000457763672,-29.98500061035156,0,77.0,77.0,0.9
O30012,517,G,3.341597709682265e-19,3.332581182511496e-19,22.040645599365234,-22.722000122070312,-13.1899995803833,-29.13400077819824,0,77.0,77.0,0.9
O30012,518,R,7.43622135795371e-16,7.044462796497084e-16,23.203598022460938,-20.25,-13.185999870300291,-31.97599983215332,0,77.0,77.0,0.9
O30012,519,N,7.085436947990949e-23,7.564471786053322e-23,20.589174270629883,-17.540000915527344,-10.892999649047852,-30.614999771118164,0,77.0,77.0,0.9
O30012,520,I,1.138465819858391e-28,1.1936466016600018e-28,20.965011596679688,-15.22700023651123,-13.54699993133545,-29.0939998626709,0,77.0,77.0,0.9
O30012,521,T,1.938497916853521e-05,1.866016282292549e-05,22.83498954772949,-11.503000259399414,-13.111000061035156,-28.40999984741211,1,77.0,77.0,0.9
O30012,522,R,2.3973853027011056e-15,2.4587589807185477e-15,21.432497024536133,-9.616999626159668,-16.34600067138672,-28.354999542236328,0,77.0,77.0,0.9
O30012,523,F,6.92275951444881e-16,6.617660364430179e-16,22.99458885192871,-6.570000171661377,-16.565000534057617,-25.96999931335449,0,77.0,77.0,0.9
O30012,524,Y,2.8341863035833027e-18,2.790336218540948e-18,22.326608657836918,-3.720999956130981,-19.00900077819824,-25.732999801635746,0,77.0,77.0,0.9
O30012,525,L,7.742842703054655e-22,7.639845489172146e-22,22.277515411376957,-2.299999952316284,-20.059999465942383,-22.39900016784668,0,77.0,77.0,0.9
O30012,526,I,5.090532325121817e-28,5.266615285112281e-28,21.246261596679688,1.4600000381469729,-20.42799949645996,-22.816999435424805,0,77.0,77.0,0.9
O30012,527,R,0.000437415757915,0.0004247033502906,22.639123916625977,4.210999965667725,-21.868000030517575,-20.541000366210938,1,77.0,77.0,0.9
O30012,528,R,1.8319334204408525e-24,1.864368619850372e-24,21.59875869750977,7.894000053405762,-22.851999282836918,-20.78700065612793,0,77.0,77.0,0.9
O30012,529,R,2.10250167003443e-20,2.06490081819764e-20,22.38143920898437,8.302000045776367,-25.82900047302246,-23.00900077819824,0,77.0,77.0,0.9
O30012,530,S,3.883963290718384e-05,3.71101668861229e-05,23.005577087402344,8.109000205993652,-28.96199989318848,-20.822999954223636,1,77.0,77.0,0.9
O30012,531,G,2.205303321133351e-19,2.1516760387988017e-19,22.529022216796875,7.928999900817871,-31.59199905395508,-23.566999435424805,0,77.0,77.0,0.9
O30012,532,R,2.191715742198825e-18,2.1731159657401113e-18,22.1693115234375,4.561999797821045,-32.8849983215332,-22.21500015258789,0,77.0,77.0,0.9
O30012,533,S,7.644442121090833e-06,7.307424311875366e-06,22.99494361877441,1.4019999504089355,-31.516000747680664,-23.858999252319336,1,77.0,77.0,0.9
O30012,534,E,0.0002663403865881,0.0002575955877546,22.72738647460937,-1.809999942779541,-33.430999755859375,-23.91699981689453,1,77.0,77.0,0.9
O30012,535,G,2.6230291200256102e-14,2.5620856076904317e-14,22.50403213500977,-4.994999885559082,-32.3129997253418,-25.74399948120117,0,77.0,77.0,0.9
O30012,536,K,3.572768036974594e-05,3.4861775930039585e-05,22.52714729309082,-7.316999912261963,-32.65299987792969,-28.795000076293945,1,77.0,77.0,0.9
O30012,537,I,1.090145836075569e-26,1.1260520265495491e-26,21.28026390075684,-5.877999782562256,-29.698999404907227,-30.7450008392334,0,77.0,77.0,0.9
O30012,538,T,2.188281326975794e-11,2.1208488090729283e-11,22.68006896972656,-2.359999895095825,-29.42300033569336,-32.10300064086914,0,77.0,77.0,0.9
O30012,539,S,1.780084802226838e-21,1.8042903364603842e-21,21.6862850189209,-1.0750000476837158,-25.968000411987305,-33.053001403808594,0,77.0,77.0,0.9
O30012,540,L,5.203571200977929e-26,5.206812309962739e-26,21.967493057250977,1.9780000448226929,-25.944000244140625,-35.3650016784668,0,77.0,77.0,0.9
O30012,541,F,4.0576807986947814e-24,4.136283293721455e-24,21.56346321105957,3.9600000381469727,-23.93000030517578,-37.89799880981445,0,77.0,77.0,0.9
O30012,542,F,2.42926935078297e-13,2.283562065569928e-13,23.38372802734375,5.334000110626221,-25.30500030517578,-41.172000885009766,0,77.0,77.0,0.9
O30012,543,G,3.2687828170112235e-24,3.323596817010505e-24,21.61865234375,7.188000202178955,-23.82099914550781,-44.09199905395508,0,77.0,77.0,0.9
O30012,544,V,6.593959406275829e-11,6.331685176164115e-11,22.89168930053711,6.824999809265137,-24.645999908447266,-47.78200149536133,0,77.0,77.0,0.9
O30012,545,E,4.5061776426750074e-18,4.45894438892731e-18,22.214017868041992,8.809000015258789,-23.76499938964844,-50.91600036621094,0,77.0,77.0,0.9
O30012,546,D,1.3974801899226442e-27,1.4094194148338896e-27,21.794971466064453,7.3979997634887695,-21.06800079345703,-53.20199966430664,0,77.0,77.0,0.9
O30012,547,K,1.6990420181883792e-10,1.6681767078807752e-10,22.387880325317383,6.264999866485596,-23.562000274658203,-55.87099838256836,0,77.0,77.0,0.9
O30012,548,P,7.1995065650715285e-19,7.055074626265176e-19,22.431175231933597,2.757999897003174,-24.655000686645508,-57.303001403808594,0,77.0,77.0,0.9
O30012,549,G,1.0103057477110951e-25,9.88079283557702e-26,22.475631713867188,1.3799999952316284,-27.593000411987305,-55.25199890136719,0,77.0,77.0,0.9
O30012,550,A,9.199715829996337e-18,8.867669815685913e-18,22.80425071716309,3.684000015258789,-27.38500022888184,-52.104000091552734,0,77.0,77.0,0.9
O30012,551,L,2.6647418292603876e-17,2.565945362130524e-17,22.8275146484375,0.7540000081062317,-26.423999786376957,-49.78200149536133,0,77.0,77.0,0.9
O30012,552,K,1.460469106762119e-10,1.4268672354766918e-10,22.49881935119629,-1.402999997138977,-29.083999633789062,-51.51900100708008,0,77.0,77.0,0.9
O30012,553,D,9.98052145486164e-14,9.821477805300668e-14,22.33712577819824,1.1369999647140503,-31.75,-50.5880012512207,0,77.0,77.0,0.9
O30012,554,V,2.0130232231914448e-18,1.978644356162822e-18,22.363096237182617,1.003000020980835,-30.636999130249023,-46.84400177001953,0,77.0,77.0,0.9
O30012,555,L,8.603510265325909e-12,8.305363341509775e-12,22.7702579498291,-2.8570001125335693,-30.57900047302246,-46.89500045776367,0,77.0,77.0,0.9
O30012,556,E,2.1240168465853185e-27,2.287713573324445e-27,20.40831756591797,-2.871999979019165,-34.10100173950195,-48.46099853515625,0,77.0,77.0,0.9
O30012,557,V,8.914282056873951e-25,9.374635643181514e-25,20.90176010131836,-0.9070000052452089,-35.375,-45.3650016784668,0,77.0,77.0,0.9
O30012,558,F,6.734574733952914e-15,6.683599867670677e-15,22.148820877075195,-3.687000036239624,-33.99700164794922,-43.0620002746582,0,77.0,77.0,0.9
O30012,559,H,1.4504163590111328e-14,1.45983248547258e-14,21.839393615722656,-6.4679999351501465,-35.36000061035156,-45.428001403808594,0,77.0,77.0,0.9
O30012,560,K,8.480844065211769e-13,8.223423027600707e-13,22.66926002502441,-4.965000152587891,-38.922000885009766,-45.59999847412109,0,77.0,77.0,0.9
O30012,561,K,5.261373189568985e-06,5.0223147809447255e-06,23.027462005615234,-4.861000061035156,-39.027000427246094,-41.83700180053711,1,77.0,77.0,0.9
O30012,562,G,8.907047918383149e-22,8.931884541340872e-22,21.920053482055664,-8.508999824523926,-37.89500045776367,-41.52299880981445,0,77.0,77.0,0.9
O30012,563,F,3.041590757960766e-17,2.907597094022281e-17,22.994155883789062,-7.439000129699707,-34.733001708984375,-39.53300094604492,0,77.0,77.0,0.9
O30012,564,N,4.606885563694423e-25,4.7138624980133775e-25,21.482332229614254,-9.843999862670898,-31.757999420166016,-39.40299987792969,0,77.0,77.0,0.9
O30012,565,L,3.52313401773296e-16,3.3275684038929273e-16,23.27303695678711,-8.215999603271484,-28.319000244140625,-39.74399948120117,0,77.0,77.0,0.9
O30012,566,R,2.3571575904536308e-15,2.2387254437685345e-15,23.144014358520508,-9.651000022888184,-25.82999992370605,-37.31700134277344,0,77.0,77.0,0.9
O30012,567,K,1.5267567210486275e-09,1.4868296593917307e-09,22.571453094482425,-7.47100019454956,-23.00900077819824,-38.63999938964844,0,77.0,77.0,0.9
O30012,568,L,4.344191228966565e-09,4.169917300345105e-09,22.899837493896484,-5.054999828338623,-22.21699905395508,-41.46699905395508,0,77.0,77.0,0.9
O30012,569,E,3.8063958626543225e-24,3.8856783557812965e-24,21.53267478942871,-3.174999952316284,-18.881999969482425,-41.7140007019043,0,77.0,77.0,0.9
O30012,570,S,9.802168671527355e-25,9.824533864266504e-25,21.931135177612305,-0.3089999854564667,-17.93199920654297,-44.053001403808594,0,77.0,77.0,0.9
O30012,571,R,1.3893225780691586e-23,1.3992865223908242e-23,21.82465171813965,2.532999992370605,-15.338000297546388,-43.979000091552734,0,77.0,77.0,0.9
O30012,572,P,1.6992623074540512e-33,1.865505861335124e-33,20.0223331451416,5.301000118255615,-14.406999588012695,-46.21900177001953,0,77.0,77.0,0.9
O30012,573,A,1.5296173615925168e-13,1.474378616157096e-13,22.80471611022949,8.446000099182129,-15.720000267028809,-44.292999267578125,0,77.0,77.0,0.9
O30012,574,G,9.710287686420713e-19,9.64314336814825e-19,22.134225845336918,9.767999649047852,-11.99899959564209,-44.5890007019043,0,77.0,77.0,0.9
O30012,575,T,2.2675118316328735e-07,2.206651004144078e-07,22.58742904663086,13.27400016784668,-13.57699966430664,-45.1619987487793,0,77.0,77.0,0.9
O30012,576,G,7.084736353135668e-06,6.864690021757269e-06,22.68577766418457,13.50100040435791,-12.58199977874756,-48.88199996948242,1,77.0,77.0,0.9
O30012,577,L,8.303378251639516e-08,7.868056428605996e-08,23.197341918945312,13.571999549865724,-16.393999099731445,-49.78099822998047,0,77.0,77.0,0.9
O30012,578,G,2.1588413939198143e-20,2.19807560434897e-20,21.58882522583008,10.440999984741213,-18.040000915527344,-51.32699966430664,0,77.0,77.0,0.9
O30012,579,D,2.367933973901337e-11,2.2576317551536995e-11,23.05512046813965,9.164999961853027,-19.636999130249023,-48.0890007019043,0,77.0,77.0,0.9
O30012,580,Y,1.0002594315592255e-20,9.753901333517195e-21,22.541622161865234,5.574999809265137,-19.270000457763672,-46.98099899291992,0,77.0,77.0,0.9
O30012,581,V,1.9245776395804607e-24,1.864368619850372e-24,22.69104766845703,5.085000038146973,-19.97100067138672,-43.32400131225586,0,77.0,77.0,0.9
O30012,582,F,2.5800253038267503e-25,2.5231489255983807e-25,22.47667121887207,1.7680000066757202,-21.43000030517578,-42.41699981689453,0,77.0,77.0,0.9
O30012,583,F,1.9420713943627383e-26,1.945643609223588e-26,21.94081687927246,0.1710000038146972,-21.540000915527344,-38.98199844360352,0,77.0,77.0,0.9
O30012,584,V,5.974662513455508e-15,5.7167862972792505e-15,22.972713470458984,-2.3480000495910645,-24.42799949645996,-38.58700180053711,0,77.0,77.0,0.9
O30012,585,E,6.731025685203622e-25,7.076346095197659e-25,20.908510208129883,-4.585999965667725,-25.83099937438965,-35.84000015258789,0,77.0,77.0,0.9
O30012,586,V,6.491126479953494e-17,6.350775767571416e-17,22.46695327758789,-5.52899980545044,-29.48500061035156,-36.19300079345703,0,77.0,77.0,0.9
O30012,587,E,1.7226698017655347e-27,1.8097305019365875e-27,20.923725128173828,-8.303999900817871,-31.1879997253418,-34.16999816894531,0,77.0,77.0,0.9
O30012,588,A,3.1181529037168016e-23,3.2029986806056665e-23,21.39890480041504,-6.124000072479248,-34.11899948120117,-33.24300003051758,0,77.0,77.0,0.9
O30012,589,P,2.0494061279467625e-27,2.252245840061604e-27,20.00152587890625,-2.946000099182129,-34.875999450683594,-31.250999450683597,0,77.0,77.0,0.9
O30012,590,L,2.3570923529417663e-20,2.2678500661636646e-20,22.846155166625977,-0.3109999895095825,-35.2599983215332,-33.88800048828125,0,77.0,77.0,0.9
O30012,591,R,1.6302662553258072e-09,1.6329629870526219e-09,21.944873809814453,1.932000041007996,-38.3380012512207,-33.20399856567383,0,77.0,77.0,0.9
O30012,592,E,8.802381046280061e-08,8.641369930728615e-08,22.3907413482666,5.602000236511231,-38.69200134277344,-34.104000091552734,0,77.0,77.0,0.9
O30012,593,E,1.8560295789821576e-16,1.8376578314029056e-16,22.200927734375,4.669000148773193,-40.68299865722656,-37.21599960327149,0,77.0,77.0,0.9
O30012,594,D,4.613675702433071e-16,4.692623937677501e-16,21.611364364624023,2.336999893188477,-37.81900024414063,-38.31700134277344,0,77.0,77.0,0.9
O30012,595,L,8.130197632748999e-14,7.891779542140363e-14,22.645246505737305,5.183000087738037,-35.297000885009766,-37.92300033569336,0,77.0,77.0,0.9
O30012,596,L,6.206918151250352e-21,6.497498864842631e-21,20.99813461303711,7.559999942779541,-37.50899887084961,-39.97200012207031,0,77.0,77.0,0.9
O30012,597,D,1.0875041740932397e-18,1.0927112760492609e-18,21.876426696777344,5.107999801635742,-37.37699890136719,-42.928001403808594,0,77.0,77.0,0.9
O30012,598,L,3.296865997981513e-07,3.210658121588495e-07,22.57138061523437,4.943999767303467,-33.542999267578125,-42.58100128173828,0,77.0,77.0,0.9
O30012,599,K,3.155306060875773e-08,3.08117549252529e-08,22.51002311706543,8.777999877929688,-33.45000076293945,-42.61399841308594,0,77.0,77.0,0.9
O30012,600,Q,9.55088097447373e-25,9.979247237150712e-25,21.037616729736328,8.819999694824219,-35.0099983215332,-46.14799880981445,0,77.0,77.0,0.9
O30012,601,V,3.1204141577244e-22,3.184761478654405e-22,21.537050247192383,6.651000022888184,-32.224998474121094,-47.65299987792969,0,77.0,77.0,0.9
O30012,602,T,2.5541735584610442e-30,2.699645968471349e-30,20.796703338623047,7.710999965667725,-29.118000030517575,-45.55199813842773,0,77.0,77.0,0.9
O30012,603,T,3.919584023472584e-20,3.980200529618809e-20,21.646411895751957,10.946000099182127,-27.05900001525879,-45.387001037597656,0,77.0,77.0,0.9
O30012,604,F,7.319105738146092e-11,6.953995712599692e-11,23.1352653503418,10.437999725341797,-26.982999801635746,-41.5890007019043,0,77.0,77.0,0.9
O30012,605,Y,8.105245037386599e-16,7.982421024869989e-16,22.319395065307617,7.789000034332275,-27.479999542236328,-38.93199920654297,0,77.0,77.0,0.9
O30012,606,K,1.4899047491385086e-16,1.4765994497239194e-16,22.179243087768555,7.361000061035156,-26.34000015258789,-35.270999908447266,0,77.0,77.0,0.9
O30012,607,V,4.43412479668136e-22,4.353052614818709e-22,22.39055633544922,4.7220001220703125,-27.76099967956543,-32.95100021362305,0,77.0,77.0,0.9
O30012,608,V,7.088769571339525e-10,6.807202024283754e-10,22.8903865814209,3.660000085830689,-24.856000900268555,-30.61599922180176,0,77.0,77.0,0.9
O30012,609,G,1.4887710507717976e-28,1.544693435972619e-28,21.185392379760746,1.465000033378601,-26.95800018310547,-28.44700050354004,0,77.0,77.0,0.9
O30012,610,V,9.406677200999329e-24,9.176745546371845e-24,22.531932830810547,-1.0740000009536743,-29.770999908447266,-27.93000030517578,0,77.0,77.0,0.9
O30012,611,F,6.023762698195544e-23,6.07822376182583e-23,21.784223556518555,-3.96399998664856,-28.43199920654297,-25.88999938964844,0,77.0,77.0,0.9
O30012,612,D,1.3160948997281707e-09,1.2717529251915494e-09,22.747589111328125,-7.723999977111816,-28.426000595092773,-24.972999572753903,0,77.0,77.0,0.9
O30012,613,E,6.503097520496422e-18,6.487725609583043e-18,22.03325653076172,-10.145999908447266,-25.576000213623047,-24.274999618530277,0,77.0,77.0,0.9
O30012,614,V,6.049507331609613e-23,6.07822376182583e-23,21.8773250579834,-9.583000183105469,-24.391000747680664,-20.697999954223636,0,77.0,77.0,0.9
O30012,615,K,5.23727762546944e-13,5.146086464943855e-13,22.37069129943848,-12.739999771118164,-23.201000213623047,-18.8439998626709,0,77.0,77.0,0.9
O30012,616,R,1.0052474159716786e-27,1.0473915779797323e-27,21.09671211242676,-10.897000312805176,-22.70800018310547,-15.531999588012695,0,77.0,77.0,0.9
O30012,617,M,9.906663258972944e-18,1.004838576768288e-17,21.671152114868164,-7.244999885559082,-23.131999969482425,-14.399999618530272,0,77.0,77.0,0.9
O30012,618,S,1.373877074839424e-19,1.3464844718668477e-19,22.428354263305664,-8.300000190734863,-24.731000900268555,-11.005000114440918,0,77.0,77.0,0.9
O30012,619,T,8.851011278644083e-22,9.21541200540336e-22,21.111984252929688,-5.984000205993652,-27.642000198364254,-11.763999938964844,0,77.0,77.0,0.9
O30012,620,L,6.089822535138011e-10,6.198028756898566e-10,21.5974235534668,-2.6530001163482666,-25.96699905395508,-12.093000411987305,0,77.0,77.0,0.9
