rank,pdb_resi,aa,importance,attention_weight,gated_feature_norm,x,y,z
1,3,S,0.7179048657417297,0.721358060836792,21.875947952270508,-18.746999740600582,26.32999992370605,18.18099975585937
2,333,F,0.1054149568080902,0.1039214879274368,22.297069549560547,4.915999889373779,2.638999938964844,-3.3350000381469727
3,224,H,0.045853566378355,0.0461148768663406,21.856616973876957,25.327999114990234,-4.703000068664551,42.02199935913086
4,298,K,0.0365072526037693,0.0359143018722534,22.344087600708008,-8.234999656677246,-13.880000114440918,4.60699987411499
5,247,Y,0.0173159819096326,0.0169647168368101,22.43630790710449,13.229000091552734,-2.378999948501587,21.167999267578125
6,385,D,0.0162903852760791,0.0159368757158517,22.46875762939453,6.624000072479248,-10.383000373840332,-27.24399948120117
7,237,F,0.0142773063853383,0.0140642439946532,22.314170837402344,23.97100067138672,-8.635000228881836,29.93000030517578
8,254,L,0.0141936158761382,0.0140642439946532,22.18337059020996,11.539999961853027,9.803000450134276,16.07900047302246
9,444,E,0.0086831012740731,0.0085303941741585,22.37467193603516,-28.3799991607666,10.946999549865724,-20.39299964904785
10,108,S,0.0050014769658446,0.0048604723997414,22.618858337402344,7.236000061035156,18.89299964904785,22.520999908447266
