uniprot_id,sequence_length,valid_structure_len,true_topt,pred_topt,abs_error,Avg_pLDDT,top_ratio,top_k,top_residues,importance_max,importance_entropy
A5DNB9,1599,798,30.0,29.78125,0.21875,0.24,0.1,80,H266;S560;H339;H610;T521;N792;S569;Q229;K782;K720,0.9816494584083557,0.12177842855453491
O66680,634,634,65.0,54.75,10.25,0.86,0.1,64,K91;T426;G296;K258;H48;G343;A218;H92;E11;K174,0.450958251953125,1.5678915977478027
O66932,692,692,100.0,73.4375,26.5625,0.92,0.1,70,L635;E527;E286;E604;N259;F272;R439;E446;E313;A628,0.27319127321243286,2.2281785011291504
Q54BM7,1053,798,37.0,28.125,8.875,0.28,0.1,80,S331;N457;K554;K480;K759;L403;K736;N654;K119;S207,0.8157545328140259,0.7294908761978149
D3YBH2,603,603,36.5,35.25,1.25,0.86,0.1,61,E591;R586;K163;F326;H84;H157;H181;H230;G450;K436,0.5059700608253479,1.2732903957366943
Q6PLI2,283,283,40.0,34.96875,5.03125,0.88,0.1,29,M263;A160;Y164;F34;H204;L41;S214;Y93;N228;V10,0.5649803280830383,1.1078615188598633
Q60FX6,327,327,60.0,41.4375,18.5625,0.91,0.1,33,P14;H179;A306;I52;D294;L275;Q111;G152;D231;I215,0.474080890417099,1.2681801319122314
Q8RPW6,250,250,28.0,36.71875,8.71875,0.9,0.1,25,I151;K196;N60;I237;T180;K221;R134;F232;S102;K218,0.967025876045227,0.21733534336090088
G0L2Y1,352,352,30.0,32.71875,2.71875,0.78,0.1,36,H78;K171;A325;K62;H245;E223;G117;K110;H154;N156,0.8236761689186096,0.7589744329452515
Q9HUU7,172,172,37.0,32.8125,4.1875,0.94,0.1,18,S142;E109;G132;F139;V84;L56;S125;E124;K97;G63,0.4547661542892456,1.174136996269226
A9UVU0,378,378,37.0,33.09375,3.90625,0.81,0.1,38,H170;H117;R242;H96;T84;N284;H42;H274;H134;G354,0.8545620441436768,0.5427548885345459
A0A141BGH5,262,262,32.5,35.6875,3.1875,0.95,0.1,27,N235;A260;R181;A166;S186;T133;P238;E29;R52;F82,0.8075513243675232,0.7184320688247681
Q8GQE7,539,539,70.0,30.171875,39.828125,0.86,0.1,54,R450;L85;M483;K537;T435;D439;T478;W104;R394;D371,0.9844853281974792,0.10697557032108307
Q5ECC3,494,494,30.0,28.203125,1.796875,0.93,0.1,50,H5;P256;H177;K79;M161;R362;N188;K470;G195;W487,0.9631826281547546,0.22654274106025696
M1GRN3,450,450,45.0,42.8125,2.1875,0.91,0.1,45,H63;N25;G293;K378;K124;D250;H395;T445;K261;H243,0.7878093123435974,0.8489296436309814
Q4JB88,155,155,70.0,70.1875,0.1875,0.94,0.1,16,N26;I22;Y82;E123;D42;Y136;K151;D19;K89;S53,0.5184601545333862,1.2248787879943848
P53123,320,320,37.0,31.0625,5.9375,0.81,0.1,32,H20;K42;S230;H237;Y180;H163;L101;G304;D253;T219,0.9494498372077942,0.27558910846710205
P0C0G6,336,336,37.0,32.375,4.625,0.88,0.1,34,A335;V284;K252;K108;P223;S148;H179;E25;T50;T143,0.5052313804626465,1.7702481746673584
Q58517,196,196,37.0,60.59375,23.59375,0.9,0.1,20,K57;K23;D172;K10;K121;K165;D31;N155;K136;K78,0.8792772889137268,0.5323630571365356
Q8KKF9,538,538,37.0,40.78125,3.78125,0.72,0.1,54,S103;K331;G455;T285;I308;N42;P366;E377;L265;P399,0.6100070476531982,0.8327246308326721
P16467,563,563,25.0,32.15625,7.15625,0.91,0.1,57,K65;G516;S133;D253;Y507;H481;Q491;H92;H510;P338,0.32298800349235535,1.5272471904754639
O59147,629,629,65.0,69.9375,4.9375,0.9,0.1,63,M232;A61;E14;K353;E453;V560;K18;V65;G116;K395,0.30110228061676025,1.832384705543518
Q9L9F1,323,323,30.0,28.453125,1.546875,0.88,0.1,33,H307;T319;H190;E302;I267;D228;A250;G320;E96;L253,0.6433742642402649,1.264061689376831
A0A090IMH4,350,350,30.0,28.265625,1.734375,0.97,0.1,35,S350;H78;K145;K73;A23;S339;G206;M40;D9;S164,0.5466318726539612,0.9574166536331177
Q5YLC0,406,406,37.0,44.15625,7.15625,0.91,0.1,41,G377;K222;H23;G98;E341;K79;E333;G146;G299;G47,0.5032905340194702,1.560152530670166
Q7DC81,627,627,28.0,27.875,0.125,0.91,0.1,63,D156;G496;C255;G585;E280;G331;G360;P571;S200;G186,0.8927510380744934,0.5059348344802856
D2SZY5,472,472,32.5,33.0625,0.5625,0.86,0.1,48,D226;Q422;K35;K90;H193;H98;V271;A182;G222;K65,0.8020416498184204,0.666351318359375
A0A0E4AX59,344,344,48.0,50.84375,2.84375,0.92,0.1,35,H280;N145;K112;T102;H26;K76;L52;Q273;P342;A291,0.8211970925331116,0.7081976532936096
P39535,881,798,30.0,33.65625,3.65625,0.33,0.1,80,K108;T271;K235;G595;L679;A521;V82;H229;H342;A301,0.4735430181026459,1.664326786994934
Q45VU2,213,213,60.0,57.90625,2.09375,0.92,0.1,22,E106;K123;N91;D32;K68;D147;N80;S190;T173;E200,0.6985844373703003,1.1395636796951294
Q9SDW9,461,461,37.0,34.84375,2.15625,0.87,0.1,47,K33;W240;T358;H433;P296;T147;K388;L352;F29;F440,0.5847265124320984,1.1189720630645752
Q0ZS20,283,283,50.0,41.59375,8.40625,0.96,0.1,29,I201;Y224;K56;Q270;S273;L131;Q177;K38;S254;I55,0.6312671899795532,0.9771468043327332
Q08KN3,1028,798,10.0,42.5625,32.5625,0.83,0.1,80,H607;H189;M696;H461;P492;D624;L393;E90;A252;H400,0.7633959650993347,0.9254955649375916
P18209,391,391,55.0,48.53125,6.46875,0.88,0.1,40,K137;K215;S70;S302;S95;A167;D321;P325;G202;E160,0.8637754321098328,0.5822097063064575
A0A0P0IZM9,535,535,50.0,56.1875,6.1875,0.82,0.1,54,K237;H436;I170;S223;K385;D112;P346;T312;C429;P180,0.33184128999710083,1.627352237701416
Q2HQR8,236,236,25.0,24.84375,0.15625,0.97,0.1,24,S92;D182;A127;K158;S64;A18;K199;S162;H73;R209,0.93798828125,0.24556678533554077
A0A2D3HJ61,340,340,55.0,39.75,15.25,0.85,0.1,34,N74;K124;S142;N86;S82;K5;H113;T296;R157;I123,0.39697718620300293,1.4228200912475586
P44805,156,156,22.0,32.5,10.5,0.9,0.1,16,R87;K110;I21;K78;F28;F95;G139;N15;I77;H137,0.9047635793685913,0.38141655921936035
F0ZJZ1,457,457,55.0,51.53125,3.46875,0.83,0.1,46,K446;E207;M398;S6;T33;T350;T317;H223;H370;S409,0.5486167073249817,1.2429611682891846
P95479,1214,798,25.0,65.125,40.125,0.3,0.1,80,K98;S630;E608;P333;K306;M110;K706;K58;K68;P480,0.8920283913612366,0.595842719078064
Q8P3J4,798,798,30.0,42.75,12.75,0.3,0.1,80,R596;H158;H222;A585;H88;R540;A250;H614;E565;F118,0.29937276244163513,1.705198049545288
B5ARZ9,422,422,75.0,69.875,5.125,0.92,0.1,43,W381;S196;K409;K20;H387;E224;G144;R66;D72;H48,0.5432860851287842,1.1911993026733398
S0ENM8,401,401,28.0,30.96875,2.96875,0.89,0.1,41,N151;N321;M160;H211;R157;M51;D82;H24;N21;P395,0.6299847364425659,1.225029468536377
Q939D2,728,728,37.0,49.75,12.75,0.71,0.1,73,S184;H340;K136;L505;A256;G673;W175;H386;H435;Y328,0.469856858253479,1.3137434720993042
Q5JHA5,337,337,80.0,80.8125,0.8125,0.92,0.1,34,K325;E333;K38;G304;G85;A49;E29;M313;K71;K242,0.5079275965690613,1.5283122062683105
P25360,923,798,30.0,33.8125,3.8125,0.8,0.1,80,S220;T317;T507;K711;K194;S223;N110;L724;K281;K797,0.43804219365119934,2.0891480445861816
Q7X0P2,430,430,45.0,36.5,8.5,0.86,0.1,43,H135;Q101;K299;A304;H260;T190;P61;F317;D41;R107,0.4830766022205353,1.3164703845977783
Q8TZP8,645,645,85.0,76.0625,8.9375,0.91,0.1,65,K242;P628;R25;G436;H268;K394;K133;K430;E560;F122,0.6772467494010925,1.1703896522521973
E8MGH8,658,658,38.0,36.84375,1.15625,0.89,0.1,66,H189;P495;G650;K125;G209;K382;V461;H194;A453;S486,0.806330144405365,0.6663945913314819
Q58999,462,462,50.0,56.0,6.0,0.91,0.1,47,K8;G223;K238;K15;M5;L310;I61;E62;A413;H92,0.3945730924606323,1.7564947605133057
Q5QKF8,639,639,37.0,34.46875,2.53125,0.93,0.1,64,H557;K503;Q332;H280;H63;H587;A370;G497;E564;D255,0.4277816116809845,1.2730519771575928
Q9XAY4,266,266,25.0,25.625,0.625,0.81,0.1,27,E100;H201;G27;G42;A217;A145;A58;A50;D78;K228,0.8990294933319092,0.3405264616012573
P32021,350,350,23.0,31.40625,8.40625,0.93,0.1,35,S21;K329;H305;G214;S350;Q28;S42;T324;K32;G260,0.6639469265937805,0.8981784582138062
B3Y006,310,310,60.0,30.734375,29.265625,0.3,0.1,31,S292;G35;K309;S277;K305;W203;K22;A227;T137;R49,0.6028770208358765,0.7926613688468933
O07883,220,220,70.0,60.34375,9.65625,0.96,0.1,22,D101;E52;K61;T122;I51;E157;K196;R29;S135;H167,0.682537317276001,1.0630964040756226
F9VNG5,304,304,30.0,54.8125,24.8125,0.92,0.1,31,H20;K242;K167;K65;M42;N193;I32;K92;G80;K88,0.5123661160469055,1.5322697162628174
Q6YNE9,461,461,46.0,47.875,1.875,0.87,0.1,47,N311;T278;Q165;N187;K132;S191;K425;H124;A226;N128,0.72517329454422,0.8971896171569824
A3FFK4,1034,798,55.0,48.90625,6.09375,0.28,0.1,80,A628;N357;H306;I335;D424;S409;Q282;G251;K453;F27,0.3293004631996155,1.5848839282989502
Q5LVM3,542,542,22.0,28.8125,6.8125,0.9,0.1,55,P82;S446;G387;E345;D183;A50;I315;E316;S129;L380,0.4322825074195862,1.6279886960983276
Q7Z031,443,443,25.0,35.375,10.375,0.75,0.1,45,K438;A40;K50;K279;K200;C400;G412;H340;N127;S228,0.7650853991508484,0.9158251285552979
A0A144KZD6,519,519,50.0,43.03125,6.96875,0.84,0.1,52,T57;G23;N209;D512;N295;H212;E322;N192;N360;D234,0.9389065504074097,0.25926750898361206
A4GXA0,146,146,65.0,31.171875,33.828125,0.88,0.1,15,K100;H104;K73;Y89;G96;S122;K3;L19;M112;G25,0.9612427353858948,0.19032129645347595
Q6H8X1,269,269,37.0,35.15625,1.84375,0.78,0.1,27,S37;G255;S129;A175;K75;T31;W104;K113;A62;P243,0.5312919616699219,1.448887586593628
M4QNR9,396,396,80.0,56.875,23.125,0.91,0.1,40,D396;G107;T212;S206;G24;G20;S16;K177;E230;S348,0.6729696989059448,1.0946319103240967
P74840,483,483,37.0,34.1875,2.8125,0.91,0.1,49,H325;E318;G427;R97;P398;I317;G242;D333;G404;M141,0.33210957050323486,1.9604370594024658
O53444,291,291,37.0,34.9375,2.0625,0.86,0.1,30,K47;K191;A280;G81;T17;N249;R183;A95;M1;W106,0.7655181288719177,0.5934651494026184
Q59Q46,521,521,25.0,30.203125,5.203125,0.9,0.1,53,K293;H510;H86;H97;T376;G373;F3;A396;K290;D483,0.9250001907348633,0.3695230484008789
I7CKJ5,434,434,37.0,38.46875,1.46875,0.87,0.1,44,M26;K170;H419;H70;K196;K223;K148;V58;K274;T222,0.6649819612503052,1.2129688262939453
A0JC76,396,396,30.0,34.75,4.75,0.89,0.1,40,N390;H284;E139;K312;L260;H53;A209;K396;V47;L181,0.6146515607833862,1.2458022832870483
A0A1S6XWY4,622,622,35.0,37.21875,2.21875,0.83,0.1,63,E320;R585;V481;W469;K92;D132;G47;H75;K226;S457,0.5519682765007019,1.2446030378341675
F9VPG1,290,290,80.0,79.5,0.5,0.94,0.1,29,D31;S140;K249;K13;K283;N78;S235;A119;S215;S290,0.3615584671497345,1.6266419887542725
Q8RBF4,324,324,60.0,51.28125,8.71875,0.83,0.1,33,S102;H289;K42;L10;K228;K154;K137;K304;I303;S68,0.817844808101654,0.8118652105331421
H2EIY3,342,342,37.0,36.375,0.625,0.9,0.1,35,H211;R340;I148;Y323;T154;F257;C126;S49;H125;A45,0.9713733792304993,0.1847582459449768
B8IP05,337,337,50.0,46.1875,3.8125,0.92,0.1,34,M116;D303;G28;G91;K231;L121;L54;Y330;F12;S314,0.3770896792411804,1.5490756034851074
G5ELA4,444,444,25.0,37.6875,12.6875,0.86,0.1,45,K290;R433;D227;H407;G24;E373;K362;F311;K165;S350,0.521526575088501,1.362364649772644
Q8RPW5,250,250,28.0,36.28125,8.28125,0.88,0.1,25,I151;P27;N60;K196;I237;K139;T180;K221;S102;K218,0.9002224802970886,0.4526875615119934
Q76M73,385,385,72.5,51.0,21.5,0.92,0.1,39,Y94;N325;N134;D328;I15;G11;Y169;Q256;G265;T278,0.42422816157341003,1.4393036365509033
A5U8X0,934,798,37.0,37.03125,0.03125,0.9,0.1,80,T445;H613;N597;D267;H152;L633;S38;H719;V42;V502,0.4366958439350128,1.97292959690094
B6F260,449,449,30.0,48.0625,18.0625,0.95,0.1,45,S341;G57;H44;N377;S319;Y198;F219;K422;K155;I340,0.46573835611343384,1.2839422225952148
Q9HIW6,441,441,60.0,66.6875,6.6875,0.95,0.1,45,K20;T341;D345;R405;K24;H78;K231;D421;S324;M1,0.7409038543701172,1.1104109287261963
A0A0H2Z9F5,478,478,28.0,32.84375,4.84375,0.93,0.1,48,H68;E34;K39;H121;K267;H306;V99;H459;H471;K234,0.43076077103614807,1.3052515983581543
O54435,415,415,40.0,46.59375,6.59375,0.81,0.1,42,C103;G379;A158;S78;K111;D268;F115;G233;S304;A83,0.8008366823196411,0.7665165662765503
P53848,824,798,37.0,30.40625,6.59375,0.87,0.1,80,H274;G696;R257;S152;K27;K578;R581;S435;A631;S131,0.9847662448883057,0.1100744754076004
Q4A9M4,459,459,37.0,42.09375,5.09375,0.93,0.1,46,K36;T42;G230;D138;H429;R329;E361;N53;K243;L124,0.5525367856025696,0.9779736995697021
P53052,652,652,37.0,34.96875,2.03125,0.93,0.1,66,K276;H103;A281;H350;K460;K626;N520;T207;T198;N485,0.8332057595252991,0.741159200668335
B1A7S3,410,410,37.0,37.375,0.375,0.88,0.1,41,K126;H26;K258;H100;S252;A282;H188;F41;K348;H237,0.8537350296974182,0.7079514265060425
B8E1T1,606,606,80.0,77.4375,2.5625,0.83,0.1,61,H499;G10;D28;A487;Y151;E230;K168;K425;G75;H539,0.5644863843917847,1.0428664684295654
Q4QE75,630,630,25.0,31.84375,6.84375,0.88,0.1,63,H67;F89;K314;G456;V533;R551;K613;I539;H224;A99,0.6787083745002747,0.9504163265228271
P96155,611,611,38.0,33.625,4.375,0.89,0.1,62,R348;H55;N284;D41;T335;K376;E307;K473;S164;G153,0.8379616737365723,0.5938148498535156
D5KB61,579,579,30.0,37.15625,7.15625,0.91,0.1,58,F308;L156;D110;S118;S573;H423;I287;G256;E38;M561,0.25362566113471985,2.073056936264038
P15770,272,272,27.5,27.609375,0.109375,0.93,0.1,28,H205;H179;H20;K264;Y209;S193;H253;M1;E30;K56,0.7587299942970276,0.8114060759544373
Q7WUI5,965,798,52.5,61.40625,8.90625,0.28,0.1,80,H661;H479;K599;H182;K685;N336;S66;F144;F457;P235,0.9543233513832092,0.25223401188850403
Q02068,383,383,47.5,35.4375,12.0625,0.77,0.1,39,H80;H205;E351;D32;Y263;H345;E222;E39;H190;H303,0.5570135116577148,1.5022166967391968
P37025,176,176,30.0,28.359375,1.640625,0.91,0.1,18,R18;H23;K56;Q176;I22;T127;G50;T150;R68;H28,0.9797970056533813,0.1244020164012909
O59312,352,352,95.0,81.125,13.875,0.91,0.1,36,K86;L234;E170;D340;K238;L328;E279;K267;K140;F320,0.6220534443855286,1.2321194410324097
P32440,344,344,60.0,35.59375,24.40625,0.7,0.1,35,H116;R97;F183;L339;L332;H41;H14;M93;A217;L267,0.4544050991535187,1.4374241828918457
P9WNX5,345,345,30.0,35.3125,5.3125,0.87,0.1,35,G179;A338;M1;K122;A171;L236;H256;A181;A168;D144,0.8846139907836914,0.5470014810562134
F7YTI3,484,484,95.0,75.5625,19.4375,0.93,0.1,49,H215;Y33;E374;K425;G259;L448;S399;S240;M311;V457,0.5093573927879333,1.4975595474243164
Q7LXU6,195,195,80.0,79.6875,0.3125,0.97,0.1,20,K13;R9;S124;L55;G71;K195;M137;S77;F105;I143,0.9237273931503296,0.393535852432251
A0A140JW76,378,378,30.0,33.78125,3.78125,0.94,0.1,38,L267;H61;H85;Y360;H341;D207;S370;R107;S144;H170,0.4367336630821228,1.3225717544555664
Q97ZV2,444,444,47.5,56.9375,9.4375,0.91,0.1,45,H299;R129;K427;G324;L362;L161;K414;L261;R108;G94,0.4316652715206146,1.7037842273712158
A7J1X4,348,348,85.0,80.3125,4.6875,0.93,0.1,35,W131;D230;H299;H318;P282;S17;M64;K256;Q120;G291,0.5240034461021423,1.4484409093856812
A2QR21,526,526,37.0,49.9375,12.9375,0.88,0.1,53,D344;K518;G45;K248;G439;L142;S463;L316;L137;Y94,0.5417299866676331,0.7359087467193604
Q979W2,361,361,62.5,55.375,7.125,0.92,0.1,37,H311;T123;H68;K331;H326;G186;K84;H118;D219;F177,0.4585949182510376,1.353040099143982
E9BLE1,550,550,37.0,27.484375,9.515625,0.93,0.1,55,K502;S371;D313;N421;H482;F331;H385;K339;N395;M453,0.762057363986969,0.9236850142478943
Q6L2X5,952,798,70.0,74.75,4.75,0.25,0.1,80,K160;K539;K611;K505;K577;K741;K665;K303;K640;Y145,0.20752324163913727,2.3399276733398438
K4L7X3,401,401,30.0,32.4375,2.4375,0.89,0.1,41,P209;H221;K99;T156;A365;T98;S124;E103;H189;A258,0.4913550317287445,1.2169761657714844
Q2PCE3,246,246,60.0,46.6875,13.3125,0.85,0.1,25,D179;K38;K161;K128;I57;I229;S165;E230;K91;R53,0.5939134955406189,1.428807020187378
B4X9S4,441,441,55.0,57.0625,2.0625,0.95,0.1,45,A341;H374;D117;K211;K296;L137;A432;H140;I406;G91,0.5111854672431946,1.5106863975524902
Q8NMD5,433,433,45.0,39.6875,5.3125,0.9,0.1,44,D113;H136;D146;G66;T7;H253;R371;D254;D166;G417,0.5577569603919983,1.0609197616577148
A8PYK0,714,714,37.0,34.3125,2.6875,0.9,0.1,72,T5;W646;R268;G405;H460;T293;R73;Y348;L684;S288,0.5574348568916321,1.4690066576004028
Q980N1,255,255,85.0,60.65625,24.34375,0.96,0.1,26,K253;G153;D20;M133;I238;L4;K11;G119;G62;N25,0.8111460208892822,0.8750165700912476
A0A0U2RV57,286,286,55.0,59.1875,4.1875,0.93,0.1,29,H27;S19;H126;L157;Y236;S76;N234;S213;N56;G152,0.9629172086715698,0.1969318687915802
O59025,715,715,90.0,64.4375,25.5625,0.87,0.1,72,K398;D9;K13;V598;N576;S22;V687;S34;L615;L516,0.6490799784660339,1.4218140840530396
Q92WA3,328,328,37.0,37.8125,0.8125,0.92,0.1,33,K262;G269;H74;I61;D132;P205;T272;L25;G183;L311,0.5596879720687866,0.9047361612319946
O93656,317,317,37.0,57.84375,20.84375,0.94,0.1,32,W147;K154;W34;L25;F53;N128;A174;G88;S207;K177,0.5746147632598877,0.8458510041236877
Q8E5N5,456,456,25.0,37.0625,12.0625,0.93,0.1,46,G51;Q421;K121;H414;Q126;K18;H383;K184;K65;H215,0.7289330363273621,0.8577773571014404
Q9AJC6,385,385,70.0,61.0,9.0,0.91,0.1,39,S378;H181;R346;N268;K13;S338;H102;G104;M11;S220,0.9397990703582764,0.3810899555683136
Q3BEM2,304,304,25.0,37.96875,12.96875,0.88,0.1,31,H74;E159;R281;A131;K266;D60;H176;N101;E67;H284,0.39394906163215637,1.7597143650054932
Q2UIM2,506,506,45.0,51.6875,6.6875,0.8,0.1,51,H374;L300;M203;I299;K294;A191;V354;Q455;T93;G221,0.3896958529949188,2.002002239227295
P45148,229,229,25.0,32.90625,7.90625,0.94,0.1,23,N117;H105;G41;L201;L221;H177;R198;W127;E91;H32,0.7294387221336365,1.0342674255371094
Q5SJ01,562,562,60.0,69.875,9.875,0.94,0.1,57,H263;K500;M28;G304;H186;V16;H356;R13;K557;G372,0.5446605086326599,0.8356515169143677
A3MWU9,309,309,90.0,87.375,2.625,0.93,0.1,31,D24;M18;L51;T215;K105;K286;K157;R86;S161;G101,0.8756308555603027,0.5713998675346375
P29957,669,669,29.0,49.1875,20.1875,0.79,0.1,67,H466;K407;G458;W598;A367;K626;N557;R503;H293;A581,0.42304226756095886,1.7093250751495361
Q53TZ2,309,309,30.0,33.53125,3.53125,0.92,0.1,31,G98;R59;A278;S245;R110;W160;A40;T43;A83;H153,0.5150176286697388,0.9734148979187012
P96091,722,722,37.0,41.46875,4.46875,0.74,0.1,73,K574;H435;S95;E123;G29;S288;K108;M633;A524;K409,0.9483334422111511,0.30493980646133423
P54471,238,238,37.0,34.8125,2.1875,0.98,0.1,24,R130;D142;H125;Y205;A102;H41;T214;K84;K232;L105,0.36574843525886536,1.4464092254638672
P20906,528,528,30.0,37.59375,7.59375,0.93,0.1,53,H144;S261;G412;S297;L500;Y9;H267;H281;H5;L468,0.6216463446617126,0.7134934067726135
B1B389,481,481,50.0,36.53125,13.46875,0.71,0.1,49,H455;N387;V337;H251;T366;S238;F375;P113;D11;Y351,0.5618155002593994,1.2173234224319458
O27106,233,233,60.0,48.09375,11.90625,0.93,0.1,24,H67;D34;G125;G148;L89;L227;S151;D4;M159;I192,0.7535167932510376,0.7998734712600708
Q8DL82,176,176,20.0,22.859375,2.859375,0.89,0.1,18,G130;C30;G166;H164;I129;S173;A139;L87;T27;H50,0.49744293093681335,1.0836275815963745
Q9UXF5,330,330,70.0,69.75,0.25,0.97,0.1,33,I149;G294;S327;I301;T258;M129;K231;E302;Y259;Y320,0.3559573292732239,1.6323235034942627
P16497,606,606,25.0,28.8125,3.8125,0.91,0.1,61,G471;H284;S378;G185;H321;A332;H588;I184;I580;K81,0.2859784960746765,2.0297415256500244
Q9HIA7,177,177,70.0,74.5,4.5,0.91,0.1,18,P167;H174;K91;G98;D33;R80;G9;K74;G20;E101,0.8191936612129211,0.5995415449142456
A9H275,558,558,48.0,49.1875,1.1875,0.94,0.1,56,D149;E515;H260;H106;T132;V293;G17;G507;E207;H110,0.33208978176116943,1.9352984428405762
Q65KZ6,585,585,40.0,56.65625,16.65625,0.9,0.1,59,K101;G397;E508;H277;K355;K230;G274;I418;K155;K171,0.6086145639419556,1.0894780158996582
A7LBQ5,314,314,40.0,29.515625,10.484375,0.84,0.1,32,G263;T54;G122;I108;E109;E49;S9;D156;E84;Q163,0.9878543019294739,0.07862222194671631
O15920,466,466,39.0,35.6875,3.3125,0.75,0.1,47,E177;D162;H210;N147;T363;T275;C4;I48;D330;H269,0.38505035638809204,1.8340654373168945
O30012,620,620,77.0,77.0,0.0,0.9,0.1,62,S3;F333;H224;K298;Y247;D385;F237;L254;E444;S108,0.7179048657417297,1.1846492290496826
Q2HQR7,235,235,25.0,27.625,2.625,0.98,0.1,24,S92;K158;S181;Y214;F46;D219;K198;K74;A162;L118,0.5643966794013977,0.8407807350158691
A0A1L2BH72,405,405,35.0,33.28125,1.71875,0.77,0.1,41,K367;H244;F147;N216;K373;L392;A371;H315;K23;G220,0.6241800785064697,0.9384458661079407
O66914,234,234,90.0,65.6875,24.3125,0.91,0.1,24,K205;T211;K207;K125;K17;R31;S50;L188;K27;H216,0.5278469324111938,1.331149697303772
A4YDR9,549,549,75.0,75.625,0.625,0.92,0.1,55,K546;C344;E489;G325;K172;H399;K161;E499;G392;G449,0.616321325302124,1.180076003074646
Q8ILF7,510,510,25.0,32.59375,7.59375,0.89,0.1,51,E71;K337;N390;K355;A495;A116;L330;K315;K416;F172,0.4108021557331085,1.8543390035629272
Q51739,605,605,80.0,65.3125,14.6875,0.93,0.1,61,W138;G527;A602;K450;L459;G305;S455;I331;Y270;K476,0.3815426230430603,1.7542212009429932
B8E1U6,397,397,75.0,84.0,9.0,0.88,0.1,40,K61;E314;Y367;D304;S155;I242;V70;S44;Y4;K137,0.7472612261772156,0.9211646318435669
P20845,520,520,60.35,40.0625,20.2875,0.93,0.1,52,K520;K469;K424;G401;D110;D309;G381;F239;G272;D320,0.8306475281715393,0.7624731659889221
Q8KBP5,203,203,22.0,27.203125,5.203125,0.91,0.1,21,G71;H166;H93;H128;T98;I144;K112;H194;E157;H196,0.9031932950019836,0.4537815451622009
A5HKP3,316,316,37.0,27.953125,9.046875,0.91,0.1,32,K262;D94;M105;V154;S116;G55;A78;N98;K119;K50,0.8310448527336121,0.49491193890571594
Q9YE01,333,333,98.0,85.6875,12.3125,0.97,0.1,34,H249;L90;R122;K320;A288;D319;M37;S111;Y268;S185,0.6259701251983643,1.0043834447860718
O87082,497,497,30.0,33.90625,3.90625,0.7,0.1,50,G454;D165;R73;K312;E385;E463;I462;S405;I384;H301,0.3718120753765106,1.7888062000274658
Q3AEU2,420,420,70.0,46.125,23.875,0.85,0.1,42,K316;K4;E285;I341;E261;T296;K35;L408;L242;N147,0.7484456300735474,0.8446459770202637
J7HDV0,512,512,37.0,37.21875,0.21875,0.8,0.1,52,K127;I3;K403;K198;K249;K9;S19;K154;K195;D366,0.7495217323303223,0.9669069051742554
Q7S2S4,488,488,50.0,59.59375,9.59375,0.93,0.1,49,K468;L153;N97;K475;G354;K409;R465;E114;F53;F63,0.403640478849411,1.5446231365203857
Q8IEG9,408,408,37.0,34.5,2.5,0.87,0.1,41,K232;H202;K264;H33;K93;I77;K250;K201;D365;H366,0.9373425245285034,0.32284632325172424
Q6F4N1,267,267,72.5,66.9375,5.5625,0.91,0.1,27,R118;G77;K53;A235;N25;F257;H148;L99;H215;H193,0.3432692289352417,1.874255657196045
P0CW04,408,408,35.0,31.96875,3.03125,0.96,0.1,41,K310;M254;G314;N106;G333;T42;C396;R175;R340;K393,0.4113297760486603,1.5690319538116455
O42801,537,537,45.0,48.84375,3.84375,0.95,0.1,54,S69;G496;G403;I63;H48;A17;N319;S393;G252;T432,0.3191986083984375,1.7857847213745117
J9R912,234,234,40.0,46.0,6.0,0.83,0.1,24,G188;G132;I89;C224;Y161;G90;D155;S213;E25;I131,0.43102124333381653,1.3109197616577148
Q97WW0,239,239,50.0,78.625,28.625,0.88,0.1,24,S28;D14;K3;M206;K150;M64;L229;Y103;S133;S167,0.6623214483261108,1.32057523727417
P39485,261,261,37.0,29.6875,7.3125,0.94,0.1,27,K81;K137;V62;H147;K129;K252;A197;G187;H102;K50,0.9584299325942993,0.2059108018875122
P19881,312,312,37.0,32.3125,4.6875,0.96,0.1,32,S288;K158;G122;K112;K14;L46;D83;K300;N310;K75,0.49982717633247375,1.438941240310669
H8Y263,751,751,60.0,51.65625,8.34375,0.9,0.1,76,Y275;K634;T281;K627;H285;M583;R481;H572;M643;K729,0.3872288167476654,1.9407415390014648
Q82L49,725,725,30.0,27.78125,2.21875,0.86,0.1,73,H316;N169;W45;D501;L685;T75;H704;A201;K291;H568,0.6051017642021179,0.9688799381256104
Q7X481,1490,798,32.5,40.4375,7.9375,0.23,0.1,80,H371;N233;D772;S461;G365;K783;D249;K265;Q422;S792,0.5250771045684814,1.4352941513061523
Q2PGY1,217,217,55.0,58.71875,3.71875,0.95,0.1,22,K77;E113;K132;G61;K131;T215;D48;E156;N96;R85,0.3839402198791504,1.2902886867523193
Q9UVY4,533,533,80.0,45.0,35.0,0.82,0.1,54,N374;K527;G26;D247;N205;H19;N308;L8;H16;P380,0.8976601958274841,0.45197564363479614
Q838N5,211,211,35.0,32.59375,2.40625,0.95,0.1,22,Q38;Y157;P123;K63;H155;N77;F87;F210;M193;H93,0.3792875111103058,1.7289671897888184
J7I0S9,270,270,25.0,24.359375,0.640625,0.81,0.1,27,K106;T260;M7;R32;D199;G36;L102;H261;A138;K211,0.4228898882865906,1.396317720413208
Q6KBS7,300,300,22.0,34.625,12.625,0.83,0.1,30,M281;I236;E241;H44;H87;Y220;G248;R54;H262;F297,0.889918863773346,0.5212714672088623
P0AGG2,286,286,25.0,29.171875,4.171875,0.93,0.1,29,K48;D230;H195;N242;H117;E18;N286;H58;H177;L14,0.7332953214645386,0.9823780059814453
B3TZD8,386,386,30.0,29.8125,0.1875,0.92,0.1,39,H4;D67;K105;V230;E99;A295;K386;K309;K380;F319,0.31715500354766846,1.6286730766296387
Q6KZI8,266,266,62.5,40.3125,22.1875,0.98,0.1,27,H208;N73;N252;K21;R158;K99;E221;H107;H8;K46,0.9182665944099426,0.36602455377578735
Q9UWU1,134,134,75.0,66.75,8.25,0.83,0.1,14,K62;I21;K16;K40;G22;K70;G103;L7;K45;V116,0.4100029766559601,1.2456727027893066
Q9AFG9,413,413,37.0,33.375,3.625,0.82,0.1,42,R228;K115;T305;F31;K159;H383;E350;K230;S67;K202,0.5808303356170654,0.8814446926116943
P9WQP7,370,370,30.0,33.625,3.625,0.95,0.1,37,H230;I87;S281;D145;A142;A323;D97;H39;T12;K369,0.9456072449684143,0.2981182038784027
A0A286JZ72,424,424,50.0,42.03125,7.96875,0.89,0.1,43,P75;E261;R353;G33;K129;D141;N231;A96;G34;D136,0.7791816592216492,0.959182858467102
I0CKV2,349,349,40.0,29.140625,10.859375,0.8,0.1,35,G8;F349;H245;H167;D96;H146;G161;G113;F333;K100,0.911449134349823,0.4444766640663147
P95690,876,798,65.0,69.1875,4.1875,0.92,0.1,80,K488;K156;K42;K522;K225;K755;H351;D534;P746;G547,0.45521068572998047,1.5392413139343262
P46920,418,418,22.0,37.53125,15.53125,0.94,0.1,42,N397;L129;M285;K317;M65;E84;G391;F19;K295;K36,0.4779030978679657,1.3601115942001343
B0BK99,387,387,40.0,38.78125,1.21875,0.81,0.1,39,G44;H283;A35;S201;S295;T291;H38;H97;A70;G31,0.7085456848144531,1.2166105508804321
P10478,837,798,42.5,58.0625,15.5625,0.89,0.1,80,S514;A113;V638;K634;K118;H240;A169;T488;K218;N249,0.32224300503730774,2.0342726707458496
F8U969,424,424,28.0,29.6875,1.6875,0.85,0.1,43,S374;V359;A57;L32;G410;H167;H151;N93;H424;H423,0.8147038221359253,0.7872989177703857
B6CND6,455,455,50.0,43.25,6.75,0.92,0.1,46,V432;N442;K350;H372;Y286;P67;R125;S211;K112;T20,0.7396003603935242,1.1177785396575928
P07547,1583,798,25.0,32.5,7.5,0.23,0.1,80,R335;P628;K734;A746;K435;D780;K356;H342;E93;S32,0.599266529083252,1.2164714336395264
D2SZY4,742,742,32.5,32.5625,0.0625,0.77,0.1,75,G42;S596;R673;H47;G328;S63;K419;K493;K713;G382,0.22079995274543762,2.1156387329101562
O96437,617,617,50.0,32.125,17.875,0.75,0.1,62,H13;E246;D602;K515;K333;K486;A115;R221;S140;H28,0.4834551513195038,1.4052972793579102
Q72JY1,608,608,70.0,58.15625,11.84375,0.78,0.1,61,G536;G452;H465;A50;K344;H413;P590;K565;G329;A340,0.5739439129829407,1.078338623046875
A4Y0Y8,196,196,45.0,35.15625,9.84375,0.96,0.1,20,H21;E68;D97;S117;I67;S137;H9;H45;N29;H190,0.3887298107147217,1.2019212245941162
A9XED1,940,798,37.0,36.5,0.5,0.84,0.1,80,F486;K267;H294;D554;K442;A36;S415;W371;S180;N727,0.4997871518135071,1.4443035125732422
O93838,467,467,56.5,52.21875,4.28125,0.9,0.1,47,E100;E288;A386;F109;V155;D197;S201;K93;H305;T390,0.5929760932922363,1.5032893419265747
Q6H8Y0,1159,798,37.0,37.53125,0.53125,0.28,0.1,80,D149;S67;G645;I226;R8;D443;K101;P270;A202;T54,0.5490454435348511,1.6099566221237183
A0A061M1M5,1278,798,40.0,40.25,0.25,0.28,0.1,80,K723;T580;G474;G43;K617;H81;K538;S459;D758;F195,0.7810356616973877,0.8333357572555542
K0A689,239,239,40.0,63.5625,23.5625,0.95,0.1,24,H155;K239;K182;P201;D215;K238;S78;Y100;G87;M205,0.93282550573349,0.3066835105419159
Q99040,536,536,37.0,37.84375,0.84375,0.93,0.1,54,D185;H254;H117;N382;K3;A245;N536;G325;H206;K534,0.450901061296463,1.1955406665802002
P30925,736,736,95.0,64.9375,30.0625,0.86,0.1,74,H582;H598;N247;S77;R514;K85;S48;W273;H80;K187,0.2838307321071625,2.2446796894073486
P0ADR6,366,366,37.0,31.875,5.125,0.94,0.1,37,Y44;K36;R57;R299;F30;T21;N111;S272;Y140;K14,0.5366304516792297,1.5068271160125732
A4YEG2,140,140,74.0,55.84375,18.15625,0.93,0.1,14,H64;H118;K21;M1;H124;H140;N50;K102;D7;K43,0.3295667767524719,1.7321438789367676
P45040,316,316,20.0,33.59375,13.59375,0.96,0.1,32,K190;K61;S211;T183;E217;H21;A125;E315;H153;I314,0.3799986243247986,1.7503454685211182
B1Q4V2,124,124,68.0,56.0625,11.9375,0.75,0.1,13,Y63;A42;G53;T111;D46;R51;S83;H110;S26;F76,0.9315661191940308,0.36070501804351807
Q8Q0G3,200,200,37.0,55.78125,18.78125,0.92,0.1,20,K189;K6;K13;M73;K138;I12;S116;T184;S96;V30,0.4377756118774414,1.179790735244751
Q0ZS18,87,87,50.0,32.5625,17.4375,0.9,0.1,9,D65;N41;K73;T29;M36;K48;K54;G66;G19,0.8474591970443726,0.5633392930030823
A8D0T0,500,500,50.0,62.0,12.0,0.9,0.1,50,H235;S283;M19;K400;K45;K142;K181;S355;L330;G311,0.35410362482070923,1.5320971012115479
O57917,226,226,25.0,49.28125,24.28125,0.95,0.1,23,H102;H34;S5;K13;K68;K168;M1;K32;K220;K73,0.5231672525405884,1.310813069343567
A4YGR1,661,661,65.0,74.6875,9.6875,0.89,0.1,67,G76;M327;H163;F358;W102;H605;P147;I350;K235;K648,0.6061564683914185,1.424760341644287
Q6H8X6,265,265,37.0,36.34375,0.65625,0.8,0.1,27,S37;T31;S125;A171;P239;K71;W100;K109;A58;S160,0.5699659585952759,1.2878278493881226
P39107,395,395,20.0,36.34375,16.34375,0.76,0.1,40,I240;K56;E391;K114;A97;F32;K168;H95;K198;K76,0.47309449315071106,1.5720691680908203
Q81PP9,209,209,25.0,27.765625,2.765625,0.85,0.1,21,H162;S4;G92;I83;L172;R207;M1;H161;H179;K156,0.8818747997283936,0.4394073188304901
Q5SI82,624,624,65.0,54.625,10.375,0.9,0.1,63,E552;T506;K50;Q62;L563;P189;H338;L84;L365;H182,0.8863173723220825,0.46743243932724
Q66V97,464,464,30.0,31.265625,1.265625,0.93,0.1,47,S401;K432;G450;A325;G221;R334;S310;L84;D426;S21,0.44514235854148865,1.3408511877059937
Q9AT27,572,572,50.0,40.96875,9.03125,0.87,0.1,58,G535;S25;H353;A245;H186;G226;D438;D52;N217;T421,0.5123496651649475,1.2795555591583252
C7EXL6,666,666,45.0,38.75,6.25,0.93,0.1,67,G461;Q48;K156;M464;H237;D387;K173;F309;H431;K658,0.3196586072444916,2.00986647605896
Q976G4,600,600,60.0,66.875,6.875,0.93,0.1,60,N337;Q46;K341;H269;K433;K68;K273;A385;Y581;K143,0.3465995490550995,1.6990344524383545
Q980S1,455,455,65.0,76.5,11.5,0.97,0.1,46,K386;I114;M1;N203;E301;G27;K107;K320;D406;K169,0.4263555705547333,1.913221836090088
Q93CG9,133,133,25.0,19.9375,5.0625,0.9,0.1,14,K115;H37;H51;C74;K85;E109;G84;D83;G106;I105,0.9908467531204224,0.05571349710226059
Q6WRS9,809,798,30.0,37.625,7.625,0.33,0.1,80,A65;T430;K496;L354;H488;C419;L708;K426;F22;K316,0.34765011072158813,1.9194376468658447
P25576,258,258,30.0,28.25,1.75,0.93,0.1,26,H209;N252;L192;G134;S157;K52;H122;K127;Y247;F146,0.9357715249061584,0.30142807960510254
A0A0H3BY05,316,316,37.0,31.671875,5.328125,0.92,0.1,32,K41;K3;H44;S68;K172;K106;K261;G88;S31;T78,0.8902856707572937,0.5279898643493652
D3PT81,339,339,65.0,57.8125,7.1875,0.93,0.1,34,H112;K117;K98;F210;K41;K15;H229;H134;K334;R276,0.3127589523792267,2.054819345474243
E7FHX6,1740,798,80.0,67.25,12.75,0.24,0.1,80,R587;H463;D304;G193;N52;K649;V412;P529;R96;K583,0.5993955135345459,1.1121058464050293
P0AEW6,434,434,35.5,38.1875,2.6875,0.77,0.1,44,A314;G263;P347;G157;E121;K230;A341;A234;T87;H88,0.8666005730628967,0.6140329241752625
A6VQP8,759,759,40.0,33.03125,6.96875,0.92,0.1,76,H84;M487;K566;H308;A257;I7;K531;H128;K8;L334,0.9757101535797119,0.1522078514099121
Q586W9,500,500,37.0,33.53125,3.46875,0.93,0.1,50,H444;H123;G89;H227;T269;G425;E38;R105;T65;R199,0.5045441389083862,0.7828841209411621
A0A191KCR0,733,733,55.0,64.0,9.0,0.89,0.1,74,L510;H207;P625;S302;F4;A124;I170;K496;M402;N233,0.8409150242805481,0.7634180784225464
P36924,546,546,37.0,50.21875,13.21875,0.84,0.1,55,H322;K516;P53;A319;K390;L291;K367;E510;L262;G299,0.5711525678634644,1.7504487037658691
Q9K2V8,301,301,37.0,41.90625,4.90625,0.87,0.1,31,K50;K260;K271;R164;V122;E22;S128;Q233;E101;M87,0.3657563626766205,1.887945294380188
O28046,181,181,80.0,67.875,12.125,0.91,0.1,19,K115;E157;M30;I25;N88;K177;K20;M95;R12;V98,0.42452800273895264,1.2114750146865845
A7TVD4,478,478,60.0,58.84375,1.15625,0.93,0.1,48,K158;S162;N148;N151;K117;Q281;S128;G355;V441;N189,0.8902071714401245,0.45847606658935547
A4YI81,314,314,70.0,75.75,5.75,0.94,0.1,32,K289;K109;S297;T123;K283;F100;N258;K24;K35;T59,0.5961030125617981,1.1406962871551514
A8CFB7,296,296,37.0,36.5,0.5,0.87,0.1,30,D25;K17;T250;M49;I138;A83;Q275;A60;K11;L179,0.5653043985366821,0.9236650466918945
C7IV28,872,798,60.0,54.40625,5.59375,0.31,0.1,80,K521;F695;K12;Q46;I61;K246;L740;E62;D509;A789,0.7580136060714722,0.9888002276420593
A9WC36,409,409,55.0,29.0625,25.9375,0.95,0.1,41,H288;F310;A211;D398;K65;G205;G187;H6;R324;F235,0.47821134328842163,1.2523854970932007
Q0VTB0,382,382,45.0,25.65625,19.34375,0.93,0.1,39,G364;M381;T306;S333;K368;S244;P63;K18;H212;H211,0.47479742765426636,1.5113359689712524
Q5CD72,545,545,20.0,28.765625,8.765625,0.89,0.1,55,H166;E456;H348;G467;H352;V93;N278;H347;V420;H40,0.8951418399810791,0.43010324239730835
L8BT48,354,354,40.0,30.375,9.625,0.97,0.1,36,S79;K345;S172;H160;H232;M144;D113;S330;K37;S168,0.9593620896339417,0.22567123174667358
B6VP39,634,634,37.0,43.25,6.25,0.74,0.1,64,T633;E627;H551;D28;H452;R301;A227;A204;E97;H16,0.7673419713973999,1.0227941274642944
S5RVR8,769,769,60.0,43.09375,16.90625,0.89,0.1,77,E688;T453;D368;N414;K354;S45;A69;N137;N93;N647,0.4687066376209259,1.4622864723205566
A0A0K2X0F2,148,148,37.0,34.59375,2.40625,0.89,0.1,15,E136;R146;N5;H130;R105;L37;G59;D117;F101;D79,0.5899576544761658,0.7350791692733765
D1MX70,160,160,39.0,26.4375,12.5625,0.9,0.1,16,G87;K132;Y98;G127;G93;F44;E128;M148;L153;P63,0.7393854856491089,0.6116877794265747
Q93J06,295,295,37.5,38.9375,1.4375,0.92,0.1,30,G124;T114;K173;A137;Y193;T80;E263;G147;T197;T259,0.8174433708190918,0.8240387439727783
P55250,494,494,30.0,32.75,2.75,0.94,0.1,50,H187;S407;K397;H218;K426;G100;K213;S412;K460;N137,0.6719463467597961,1.1651264429092407
A0A0P1J5J7,345,345,30.0,35.4375,5.4375,0.96,0.1,35,H293;H30;L82;H178;W132;R302;G309;A288;H341;V216,0.6155264377593994,1.189422845840454
I0CKV3,376,376,40.0,34.25,5.75,0.8,0.1,38,R30;S105;K255;H112;G39;H261;T192;Y291;N211;S33,0.5880902409553528,0.834767758846283
E7FHX4,123,123,60.0,61.21875,1.21875,0.82,0.1,13,K14;K40;E97;E67;G39;Q116;R10;K30;L119;K18,0.30414095520973206,1.8229506015777588
P0A6I3,316,316,37.0,35.8125,1.1875,0.94,0.1,32,K4;L291;N83;L198;N43;K158;E310;K316;P88;K40,0.9784864783287048,0.13819736242294312
Q4VRV8,551,551,37.0,32.125,4.875,0.87,0.1,56,K122;H341;A7;S207;Q498;G285;D31;R535;E379;H173,0.9768065214157104,0.12742803990840912
Q21KE5,365,365,30.0,50.625,20.625,0.86,0.1,37,K162;H107;L139;A203;D124;M193;N342;R246;L292;K322,0.7399988174438477,0.725913941860199
A8YBP8,315,315,25.0,28.359375,3.359375,0.97,0.1,32,H64;D241;A190;T187;K194;T8;H157;V33;D315;K89,0.6515251994132996,1.0229588747024536
Q6KYX5,636,636,70.0,87.375,17.375,0.94,0.1,64,S549;K106;K402;N279;N9;K631;I390;K511;N78;A217,0.42612096667289734,2.123105525970459
Q9KPJ7,579,579,20.0,27.3125,7.3125,0.9,0.1,58,H514;A313;E194;L283;M204;H526;T268;M262;S84;R71,0.6769779920578003,0.8530089855194092
P13154,367,367,30.0,35.59375,5.59375,0.94,0.1,37,H32;H274;H359;H193;H358;Q104;I317;K206;K163;P249,0.4054757058620453,1.5721690654754639
A8CGP1,229,229,40.0,59.3125,19.3125,0.96,0.1,23,H145;K229;P191;K172;K228;S68;Y90;G77;M195;S27,0.9482578039169312,0.24705742299556732
Q9RFV6,407,407,30.0,39.4375,9.4375,0.93,0.1,41,H355;H175;P184;H366;H220;G105;K147;K256;S260;K53,0.3637921214103699,1.853977918624878
O74641,516,516,55.0,41.78125,13.21875,0.94,0.1,52,K49;T230;C71;N223;T358;T271;G195;N265;T169;R386,0.4614326059818268,1.3435145616531372
Q97VZ8,262,262,75.0,72.3125,2.6875,0.9,0.1,27,K93;S147;I251;Q17;K83;G30;G35;E82;E205;S165,0.46708372235298157,1.4494028091430664
B6E9W1,541,541,37.0,34.40625,2.59375,0.93,0.1,55,H164;L218;Q101;D210;E85;D414;I10;I184;K177;H415,0.1704126000404358,2.332334280014038
A4LA85,366,366,35.0,47.125,12.125,0.78,0.1,37,H75;I257;H324;H181;A34;E272;S151;S105;W59;H96,0.724097728729248,1.0542782545089722
P54495,321,321,32.0,33.1875,1.1875,0.98,0.1,33,N22;K197;I64;Q28;A47;V152;N313;H29;A311;S294,0.513961672782898,1.1576957702636719
Q9RN49,296,296,37.0,39.625,2.625,0.89,0.1,30,H137;R272;G194;A52;H247;G84;K232;K293;D105;W218,0.33808276057243347,1.7425024509429932
O50134,336,336,25.0,71.375,46.375,0.91,0.1,34,D99;K232;K126;K171;K150;M1;L224;G248;I335;L13,0.37974461913108826,1.3735264539718628
Q2MF17,424,424,37.0,38.375,1.375,0.8,0.1,43,H369;G420;H419;S44;S86;D93;N8;H379;H4;V110,0.6212583780288696,0.893680214881897
P10474,1039,798,85.0,73.25,11.75,0.3,0.1,80,G419;D561;K429;K796;N708;S227;K155;C771;R439;L695,0.3326633870601654,1.7793259620666504
A5HMI0,118,118,28.0,29.625,1.625,0.79,0.1,12,Y61;K114;H99;W29;I113;G28;A7;D71;L57;V75,0.9760992527008057,0.12659475207328796
A0A087IPJ7,251,251,37.0,31.53125,5.46875,0.97,0.1,26,G241;T167;K39;I104;G105;M19;T85;K142;T146;K116,0.9932069182395935,0.0518631711602211
Q8IDD3,574,574,37.0,34.0,3.0,0.85,0.1,58,K195;K545;H379;R337;L303;D253;H444;K64;N419;T284,0.6249139308929443,1.0859038829803467
A0A0K0M737,264,264,55.0,45.5625,9.4375,0.95,0.1,27,K116;K255;N11;N7;S188;D226;N198;D107;K128;Y61,0.7598074078559875,0.803934633731842
S6D3Q2,737,737,20.0,36.53125,16.53125,0.8,0.1,74,D612;R675;G330;G81;K421;P186;S65;A206;S597;G384,0.43398597836494446,1.876373052597046
Q59328,1321,798,70.0,61.1875,8.8125,0.86,0.1,80,F361;D603;H552;K499;K169;N329;H761;K468;K352;Y558,0.37193799018859863,1.7724419832229614
P26937,288,288,37.0,32.4375,4.5625,0.96,0.1,29,I252;H43;H94;H111;H12;H29;V70;S183;K59;N265,0.7259960770606995,0.7637062072753906
Q51723,472,472,95.0,88.625,6.375,0.94,0.1,48,K252;K116;K38;A68;F86;H158;Y416;I80;K296;R77,0.4493870735168457,1.1477832794189453
Q47898,340,340,37.0,52.03125,15.03125,0.92,0.1,34,K131;Y5;K178;H250;K175;M141;E252;I4;K82;K307,0.4276938736438751,1.8094043731689453
Q5LX16,305,305,30.0,40.40625,10.40625,0.85,0.1,31,H3;M84;S122;K68;Y42;K92;P242;L185;E263;A64,0.7995375990867615,0.730668306350708
Q50566,561,561,60.0,60.875,0.875,0.96,0.1,57,H400;D351;R417;L284;T241;D264;R88;P414;R331;S136,0.7333376407623291,0.9375418424606323
P22936,367,367,37.0,27.296875,9.703125,0.93,0.1,37,K148;E182;K305;K175;S263;G188;G118;S204;G38;M290,0.9677976965904236,0.1820894479751587
A7LVG6,421,421,45.0,43.34375,1.65625,0.91,0.1,43,H230;A168;S14;H58;E213;K372;G8;D252;V246;L205,0.9935452938079834,0.04763571918010712
A0A2P5JUT5,1047,798,30.0,31.5,1.5,0.3,0.1,80,H748;Q645;H641;D502;H510;H20;T766;S558;A118;S669,0.633807897567749,1.0946226119995117
Q8EEB0,356,356,25.0,31.671875,6.671875,0.93,0.1,36,S142;H135;H198;P55;H271;L268;K129;E81;E341;Q123,0.692453920841217,1.1394485235214233
H9NJ52,538,538,38.5,41.78125,3.28125,0.78,0.1,54,S535;H138;K308;C130;M196;S424;S192;W249;A366;H39,0.8225930333137512,0.7007869482040405
Q59329,354,354,30.0,38.34375,8.34375,0.76,0.1,36,G324;S222;S263;P51;Y291;G266;A276;A33;G125;P347,0.5886954665184021,1.3049098253250122
Q969A8,468,468,37.0,31.96875,5.03125,0.86,0.1,47,K366;G317;H449;K101;P244;K132;I252;R143;K438;W382,0.9709516167640686,0.18720491230487823
I3QNT0,161,161,37.0,36.96875,0.03125,0.87,0.1,17,A72;H67;G49;H157;G20;H84;E39;M154;D140;Y30,0.707647979259491,0.8297940492630005
Q2UPZ7,498,498,50.0,33.6875,16.3125,0.91,0.1,50,K46;K100;H166;G202;K77;N385;G76;K177;H310;N209,0.7078965306282043,0.9796522259712219
D7BAR0,555,555,42.0,37.40625,4.59375,0.96,0.1,56,H366;G45;D555;T537;G532;S48;T56;R279;L13;P6,0.9628878235816956,0.21665149927139282
O74634,577,577,30.0,32.21875,2.21875,0.89,0.1,58,R414;S344;I417;K577;Q462;N423;G392;K497;S544;G36,0.3532510995864868,1.7817089557647705
A5A4M8,878,798,70.0,59.8125,10.1875,0.79,0.1,80,L75;A21;H226;S231;F676;H244;P170;K195;K792;E662,0.6487745046615601,1.1956768035888672
A0JC04,254,254,51.5,32.875,18.625,0.98,0.1,26,D200;S80;N132;H105;N241;K209;G99;H182;H46;H6,0.6223118901252747,1.0950692892074585
Q4JQJ3,134,134,20.0,30.296875,10.296875,0.84,0.1,14,K116;S65;T82;K101;G76;D75;A121;L127;H57;G68,0.9943643808364868,0.03968137875199318
Q84GK1,215,215,60.0,60.53125,0.53125,0.95,0.1,22,H131;K215;P177;K158;K214;S54;Y76;G63;S13;M181,0.9445063471794128,0.2617204487323761
A0A0K2GVV7,414,414,40.0,40.53125,0.53125,0.93,0.1,42,K381;K333;H132;G389;K205;N183;S292;K259;S244;G258,0.5438838005065918,1.3681838512420654
Q6PY95,1023,798,30.0,32.4375,2.4375,0.29,0.1,80,A683;T652;A262;H386;L775;H596;K380;S181;Y102;K65,0.5635271668434143,1.1537117958068848
P95928,785,785,80.0,77.5,2.5,0.3,0.1,79,P194;K694;S404;M460;Y23;K720;K3;L74;E182;R753,0.4670009911060333,1.653627634048462
