uniprot_id,topt,pred_DeepET,AE_DeepET,pred_Preoptem,AE_Preoptem,pred_Seq2Topt,AE_Seq2Topt,pred_TGC-Net,AE_TGC-Net,Best_model,Best_competitor,Best_competitor_AE,TGC_advantage
C_AA122577,35,56.4641,21.464100000000002,55.982166,20.982166,-2.5875069200992584,37.58750692009926,45.20508,10.205080000000002,TGC-Net,Preoptem,20.982166,10.777085999999997
WP_016900165,25,47.087578,22.087578,57.33429,32.33429,43.69684338569641,18.69684338569641,33.603516,8.603515999999999,TGC-Net,Seq2Topt,18.69684338569641,10.093327385696412
PX425176,40,57.361427,17.361427,50.02819,10.028190000000002,-3.141465336084366,43.141465336084366,42.45117,2.4511699999999976,TGC-Net,Preoptem,10.028190000000002,7.5770200000000045
XPQ45698,60,67.48189,7.481890000000007,49.80769,10.192309999999999,48.455389738082886,11.544610261917114,58.945312,1.0546879999999987,TGC-Net,DeepET,7.481890000000007,6.427202000000008
XPQ45697,80,70.090996,9.909003999999996,51.900646,28.099353999999998,60.63136339187622,19.36863660812378,84.55078,4.550780000000003,TGC-Net,DeepET,9.909003999999996,5.358223999999993
YCO21714,65,49.063538,15.936461999999999,43.833565,21.166435,72.54398345947266,7.543983459472656,68.26172,3.261719999999997,TGC-Net,Seq2Topt,7.543983459472656,4.282263459472659
XPQ45699,70,71.804276,1.8042760000000015,50.551655,19.448345000000003,76.84081077575684,6.840810775756836,68.84766,1.1523399999999953,TGC-Net,DeepET,1.8042760000000015,0.6519360000000063
WP_072588858,85,49.637886,35.362114,53.03245,31.967550000000003,68.91631364822388,16.083686351776123,68.84766,16.152339999999995,Seq2Topt,Seq2Topt,16.083686351776123,-0.06865364822387221
XPO91655,75,58.45449,16.54551,52.368492,22.631507999999997,69.02576923370361,5.974230766296387,59.208984,15.791015999999999,Seq2Topt,Seq2Topt,5.974230766296387,-9.816785233703612
