Filename,Avg_pLDDT,Rating
Q9Y948.pdb,0.99,Excellent (极好)
Q5P171.pdb,0.99,Excellent (极好)
Q8EQR8.pdb,0.98,Excellent (极好)
Q6I7B6.pdb,0.98,Excellent (极好)
A0JC04.pdb,0.98,Excellent (极好)
Q01655.pdb,0.98,Excellent (极好)
Q8DRB3.pdb,0.98,Excellent (极好)
P9WNP7.pdb,0.98,Excellent (极好)
A7EQQ8.pdb,0.98,Excellent (极好)
P12282.pdb,0.98,Excellent (极好)
Q9HH76.pdb,0.98,Excellent (极好)
P54495.pdb,0.98,Excellent (极好)
A5U5Q2.pdb,0.98,Excellent (极好)
E1V4Y1.pdb,0.98,Excellent (极好)
p37564.pdb,0.98,Excellent (极好)
E8MF12.pdb,0.98,Excellent (极好)
Q8EZA6.pdb,0.98,Excellent (极好)
A0A1D8FJM6.pdb,0.98,Excellent (极好)
A5HIF6.pdb,0.98,Excellent (极好)
Q9Y8Y1.pdb,0.98,Excellent (极好)
A2BLE9.pdb,0.98,Excellent (极好)
Q84F26.pdb,0.98,Excellent (极好)
A0QYR0.pdb,0.98,Excellent (极好)
V5YW53.pdb,0.98,Excellent (极好)
A4IP64.pdb,0.98,Excellent (极好)
Q5V9S1.pdb,0.98,Excellent (极好)
P54471.pdb,0.98,Excellent (极好)
P13956.pdb,0.98,Excellent (极好)
A5N930.pdb,0.98,Excellent (极好)
Q5LI17.pdb,0.98,Excellent (极好)
P80092.pdb,0.98,Excellent (极好)
P95001.pdb,0.98,Excellent (极好)
Q8NRR8.pdb,0.98,Excellent (极好)
Q2HQR7.pdb,0.98,Excellent (极好)
C7FDI4.pdb,0.98,Excellent (极好)
Q6KZI8.pdb,0.98,Excellent (极好)
Q5JDG9.pdb,0.98,Excellent (极好)
P12047.pdb,0.98,Excellent (极好)
P44862.pdb,0.98,Excellent (极好)
Q9YG89.pdb,0.98,Excellent (极好)
Q5FTU6.pdb,0.98,Excellent (极好)
Q8NMB0.pdb,0.98,Excellent (极好)
Q46A53.pdb,0.98,Excellent (极好)
Q9AGZ4.pdb,0.98,Excellent (极好)
P65907.pdb,0.98,Excellent (极好)
Q6QHI7.pdb,0.98,Excellent (极好)
Q9RBF6.pdb,0.98,Excellent (极好)
Q07296.pdb,0.98,Excellent (极好)
C4M2I2.pdb,0.98,Excellent (极好)
Q3M723.pdb,0.98,Excellent (极好)
Q2HQS1.pdb,0.97,Excellent (极好)
A0A087IPJ7.pdb,0.97,Excellent (极好)
Q9KZL6.pdb,0.97,Excellent (极好)
Q9YE01.pdb,0.97,Excellent (极好)
Q9FAB1.pdb,0.97,Excellent (极好)
P0AGL7.pdb,0.97,Excellent (极好)
A0SZU9.pdb,0.97,Excellent (极好)
Q4X1A4.pdb,0.97,Excellent (极好)
A0A0H4SN47.pdb,0.97,Excellent (极好)
Q81PT0.pdb,0.97,Excellent (极好)
Q81ZH5.pdb,0.97,Excellent (极好)
Q2HQR6.pdb,0.97,Excellent (极好)
P94556.pdb,0.97,Excellent (极好)
A3MV85.pdb,0.97,Excellent (极好)
Q97WI2.pdb,0.97,Excellent (极好)
Q9UY84.pdb,0.97,Excellent (极好)
L8BT48.pdb,0.97,Excellent (极好)
A0NIJ1.pdb,0.97,Excellent (极好)
P16897.pdb,0.97,Excellent (极好)
Q97XA5.pdb,0.97,Excellent (极好)
Q842E2.pdb,0.97,Excellent (极好)
Q2HQR8.pdb,0.97,Excellent (极好)
O27726.pdb,0.97,Excellent (极好)
Q9UXF5.pdb,0.97,Excellent (极好)
Q7BPX6.pdb,0.97,Excellent (极好)
Q97VW1.pdb,0.97,Excellent (极好)
Q2HQR4.pdb,0.97,Excellent (极好)
I3DTP7.pdb,0.97,Excellent (极好)
Q74C76.pdb,0.97,Excellent (极好)
Q9S1M6.pdb,0.97,Excellent (极好)
P71079.pdb,0.97,Excellent (极好)
Q7LXP6.pdb,0.97,Excellent (极好)
Q9HJT3.pdb,0.97,Excellent (极好)
Q2HQS4.pdb,0.97,Excellent (极好)
V4GH04.pdb,0.97,Excellent (极好)
F7YXD6.pdb,0.97,Excellent (极好)
B3XZI5.pdb,0.97,Excellent (极好)
P50455.pdb,0.97,Excellent (极好)
A2BJU2.pdb,0.97,Excellent (极好)
F2RM17.pdb,0.97,Excellent (极好)
O29057.pdb,0.97,Excellent (极好)
P10442.pdb,0.97,Excellent (极好)
Q5HNV1.pdb,0.97,Excellent (极好)
Q88M11.pdb,0.97,Excellent (极好)
D3JV05.pdb,0.97,Excellent (极好)
Q5EFR9.pdb,0.97,Excellent (极好)
Q53EH2.pdb,0.97,Excellent (极好)
P0A6U5.pdb,0.97,Excellent (极好)
P0ACV0.pdb,0.97,Excellent (极好)
H9XP47.pdb,0.97,Excellent (极好)
B1HX72.pdb,0.97,Excellent (极好)
O30640.pdb,0.97,Excellent (极好)
Q5R082.pdb,0.97,Excellent (极好)
Q2FV22.pdb,0.97,Excellent (极好)
I3DX19.pdb,0.97,Excellent (极好)
Q9KJG6.pdb,0.97,Excellent (极好)
Q9HMB6.pdb,0.97,Excellent (极好)
Q974L0.pdb,0.97,Excellent (极好)
Q6KAV2.pdb,0.97,Excellent (极好)
P07102.pdb,0.97,Excellent (极好)
F2X2F9.pdb,0.97,Excellent (极好)
Q877I0.pdb,0.97,Excellent (极好)
Q88JR7.pdb,0.97,Excellent (极好)
Q7LXU6.pdb,0.97,Excellent (极好)
Q9YFT9.pdb,0.97,Excellent (极好)
A5U6Y7.pdb,0.97,Excellent (极好)
A0A0H2XGF2.pdb,0.97,Excellent (极好)
A8YBP8.pdb,0.97,Excellent (极好)
Q0CFW4.pdb,0.97,Excellent (极好)
A0A0H2ZHZ0.pdb,0.97,Excellent (极好)
Q5V9R8.pdb,0.97,Excellent (极好)
Q9A1B7.pdb,0.97,Excellent (极好)
Q8A711.pdb,0.97,Excellent (极好)
Q9X1N5.pdb,0.97,Excellent (极好)
Q9WYD4.pdb,0.97,Excellent (极好)
Q980S1.pdb,0.97,Excellent (极好)
Q9X4K2.pdb,0.97,Excellent (极好)
Q9YBS3.pdb,0.97,Excellent (极好)
Q57757.pdb,0.97,Excellent (极好)
A0A0I9QGZ2.pdb,0.97,Excellent (极好)
Q2HQS0.pdb,0.97,Excellent (极好)
I3DVX6.pdb,0.97,Excellent (极好)
Q6GHH5.pdb,0.97,Excellent (极好)
A5HKK6.pdb,0.97,Excellent (极好)
Q9UWP2.pdb,0.97,Excellent (极好)
O31668.pdb,0.97,Excellent (极好)
Q2HQR5.pdb,0.97,Excellent (极好)
P45261.pdb,0.97,Excellent (极好)
O66753.pdb,0.97,Excellent (极好)
P46273.pdb,0.97,Excellent (极好)
A0A090IMH4.pdb,0.97,Excellent (极好)
H0HC94.pdb,0.97,Excellent (极好)
K7NB71.pdb,0.97,Excellent (极好)
P37251.pdb,0.97,Excellent (极好)
P0DOW0.pdb,0.97,Excellent (极好)
B1B533.pdb,0.97,Excellent (极好)
Q0PC50.pdb,0.97,Excellent (极好)
Q8NT99.pdb,0.97,Excellent (极好)
Q9P6I7.pdb,0.97,Excellent (极好)
A3MSR0.pdb,0.97,Excellent (极好)
V9SCJ1.pdb,0.97,Excellent (极好)
A1RX09.pdb,0.97,Excellent (极好)
Q2FZP6.pdb,0.97,Excellent (极好)
A4HPM6.pdb,0.97,Excellent (极好)
Q9HZK1.pdb,0.97,Excellent (极好)
A4YG49.pdb,0.97,Excellent (极好)
G1C1T5.pdb,0.97,Excellent (极好)
Q980T5.pdb,0.97,Excellent (极好)
A5Y6J1.pdb,0.97,Excellent (极好)
C8WJW0.pdb,0.97,Excellent (极好)
D5HN83.pdb,0.97,Excellent (极好)
Q8TZJ1.pdb,0.97,Excellent (极好)
Q9I4W3.pdb,0.97,Excellent (极好)
Q1J2J0.pdb,0.97,Excellent (极好)
Q03BU2.pdb,0.97,Excellent (极好)
Q6ARU5.pdb,0.97,Excellent (极好)
Q9XCL6.pdb,0.97,Excellent (极好)
Q9X5C9.pdb,0.96,Excellent (极好)
Q2YIQ6.pdb,0.96,Excellent (极好)
P51017.pdb,0.96,Excellent (极好)
P0AC78.pdb,0.96,Excellent (极好)
Q3ACV3.pdb,0.96,Excellent (极好)
B5BLW5.pdb,0.96,Excellent (极好)
W5ZNX7.pdb,0.96,Excellent (极好)
P41744.pdb,0.96,Excellent (极好)
Q0ZS46.pdb,0.96,Excellent (极好)
C4M7U9.pdb,0.96,Excellent (极好)
C3MC80.pdb,0.96,Excellent (极好)
D4P095.pdb,0.96,Excellent (极好)
P05364.pdb,0.96,Excellent (极好)
Q58085.pdb,0.96,Excellent (极好)
P19881.pdb,0.96,Excellent (极好)
O15918.pdb,0.96,Excellent (极好)
O69002.pdb,0.96,Excellent (极好)
A3MWK6.pdb,0.96,Excellent (极好)
Q88P48.pdb,0.96,Excellent (极好)
Q4K657.pdb,0.96,Excellent (极好)
P9WG59.pdb,0.96,Excellent (极好)
P28585.pdb,0.96,Excellent (极好)
Q49HI4.pdb,0.96,Excellent (极好)
C4M1C3.pdb,0.96,Excellent (极好)
E0D583.pdb,0.96,Excellent (极好)
Q5AVP8.pdb,0.96,Excellent (极好)
P0AD62.pdb,0.96,Excellent (极好)
Q54944.pdb,0.96,Excellent (极好)
O51096.pdb,0.96,Excellent (极好)
B6D5I7.pdb,0.96,Excellent (极好)
A4XIG7.pdb,0.96,Excellent (极好)
Q8NKS0.pdb,0.96,Excellent (极好)
A0A0S7ASE9.pdb,0.96,Excellent (极好)
A4Y0Y8.pdb,0.96,Excellent (极好)
A8YBS4.pdb,0.96,Excellent (极好)
Q9K498.pdb,0.96,Excellent (极好)
P61431.pdb,0.96,Excellent (极好)
Q9UZR7.pdb,0.96,Excellent (极好)
Q8GME2.pdb,0.96,Excellent (极好)
P06611.pdb,0.96,Excellent (极好)
A7AZH2.pdb,0.96,Excellent (极好)
O87871.pdb,0.96,Excellent (极好)
Q7LXX6.pdb,0.96,Excellent (极好)
Q8ZXM4.pdb,0.96,Excellent (极好)
V9SFA1.pdb,0.96,Excellent (极好)
P70500.pdb,0.96,Excellent (极好)
Q97XS9.pdb,0.96,Excellent (极好)
Q81UL8.pdb,0.96,Excellent (极好)
H9BZ70.pdb,0.96,Excellent (极好)
Q47Q21.pdb,0.96,Excellent (极好)
O07683.pdb,0.96,Excellent (极好)
Q7ZAH1.pdb,0.96,Excellent (极好)
Q50566.pdb,0.96,Excellent (极好)
Q9RHV9.pdb,0.96,Excellent (极好)
A1YZ23.pdb,0.96,Excellent (极好)
Q8NK65.pdb,0.96,Excellent (极好)
Q4K7S1.pdb,0.96,Excellent (极好)
A0A1B1PGG4.pdb,0.96,Excellent (极好)
P45470.pdb,0.96,Excellent (极好)
Q1ACW3.pdb,0.96,Excellent (极好)
Q65EY9.pdb,0.96,Excellent (极好)
Q6KH76.pdb,0.96,Excellent (极好)
Q58653.pdb,0.96,Excellent (极好)
V9SDP6.pdb,0.96,Excellent (极好)
O07883.pdb,0.96,Excellent (极好)
C0STU2.pdb,0.96,Excellent (极好)
P53199.pdb,0.96,Excellent (极好)
P29051.pdb,0.96,Excellent (极好)
Q8RMG1.pdb,0.96,Excellent (极好)
C4LU94.pdb,0.96,Excellent (极好)
J3T995.pdb,0.96,Excellent (极好)
Q2L887.pdb,0.96,Excellent (极好)
P06197.pdb,0.96,Excellent (极好)
Q9Z5D6.pdb,0.96,Excellent (极好)
Q8RK01.pdb,0.96,Excellent (极好)
Q3C1A6.pdb,0.96,Excellent (极好)
Q8RL88.pdb,0.96,Excellent (极好)
B8R7Q2.pdb,0.96,Excellent (极好)
Q5JGC2.pdb,0.96,Excellent (极好)
D7VBA0.pdb,0.96,Excellent (极好)
Q0GA07.pdb,0.96,Excellent (极好)
Q5V9R9.pdb,0.96,Excellent (极好)
C4LUA1.pdb,0.96,Excellent (极好)
A7B4V1.pdb,0.96,Excellent (极好)
D7BAR0.pdb,0.96,Excellent (极好)
Q6L2I5.pdb,0.96,Excellent (极好)
A4WRA3.pdb,0.96,Excellent (极好)
F9VPB8.pdb,0.96,Excellent (极好)
Q8RLK7.pdb,0.96,Excellent (极好)
Q8L0X3.pdb,0.96,Excellent (极好)
C9E261.pdb,0.96,Excellent (极好)
Q980N1.pdb,0.96,Excellent (极好)
Q2VEQ7.pdb,0.96,Excellent (极好)
G8N704.pdb,0.96,Excellent (极好)
W0A856.pdb,0.96,Excellent (极好)
Q0IJR6.pdb,0.96,Excellent (极好)
A0A0P1J5J7.pdb,0.96,Excellent (极好)
Q717I9.pdb,0.96,Excellent (极好)
P16250.pdb,0.96,Excellent (极好)
B9K7M5.pdb,0.96,Excellent (极好)
A0A0H3NB84.pdb,0.96,Excellent (极好)
B8ZJH0.pdb,0.96,Excellent (极好)
Q51732.pdb,0.96,Excellent (极好)
B8YIE0.pdb,0.96,Excellent (极好)
E5F146.pdb,0.96,Excellent (极好)
Q9F131.pdb,0.96,Excellent (极好)
Q6KHA5.pdb,0.96,Excellent (极好)
Q5V9S0.pdb,0.96,Excellent (极好)
O31667.pdb,0.96,Excellent (极好)
P52391.pdb,0.96,Excellent (极好)
A0A0H2ZB32.pdb,0.96,Excellent (极好)
P62593.pdb,0.96,Excellent (极好)
P09436.pdb,0.96,Excellent (极好)
Q5I7E1.pdb,0.96,Excellent (极好)
B9W7C4.pdb,0.96,Excellent (极好)
Q0ZS20.pdb,0.96,Excellent (极好)
Q6RK08.pdb,0.96,Excellent (极好)
A1XP58.pdb,0.96,Excellent (极好)
P60472.pdb,0.96,Excellent (极好)
A8CGP1.pdb,0.96,Excellent (极好)
Q6U677.pdb,0.96,Excellent (极好)
W8DVW0.pdb,0.96,Excellent (极好)
Q8J2N2.pdb,0.96,Excellent (极好)
Q9A0T3.pdb,0.96,Excellent (极好)
Q5YFS2.pdb,0.96,Excellent (极好)
Q46N53.pdb,0.96,Excellent (极好)
Q54764.pdb,0.96,Excellent (极好)
P45040.pdb,0.96,Excellent (极好)
Q06803.pdb,0.96,Excellent (极好)
Q6E7F1.pdb,0.96,Excellent (极好)
A0A0H2YSJ7.pdb,0.96,Excellent (极好)
Q9WWW6.pdb,0.96,Excellent (极好)
X5F726.pdb,0.96,Excellent (极好)
P37724.pdb,0.96,Excellent (极好)
P0CW04.pdb,0.96,Excellent (极好)
P9WG39.pdb,0.96,Excellent (极好)
P26937.pdb,0.96,Excellent (极好)
P78609.pdb,0.96,Excellent (极好)
P14489.pdb,0.96,Excellent (极好)
Q88IJ7.pdb,0.96,Excellent (极好)
D4GS06.pdb,0.96,Excellent (极好)
D4GP73.pdb,0.96,Excellent (极好)
Q86ZV0.pdb,0.96,Excellent (极好)
A5LH21.pdb,0.96,Excellent (极好)
Q9YGA9.pdb,0.96,Excellent (极好)
Q9CKB0.pdb,0.96,Excellent (极好)
P26208.pdb,0.96,Excellent (极好)
D7WPP7.pdb,0.96,Excellent (极好)
Q93PS8.pdb,0.96,Excellent (极好)
B5IEU6.pdb,0.96,Excellent (极好)
W0KM71.pdb,0.96,Excellent (极好)
B0SN40.pdb,0.96,Excellent (极好)
Q4Q6K7.pdb,0.95,Excellent (极好)
Q5NT46.pdb,0.95,Excellent (极好)
Q2PCE2.pdb,0.95,Excellent (极好)
Q84IF9.pdb,0.95,Excellent (极好)
Q977U6.pdb,0.95,Excellent (极好)
Q6LZC4.pdb,0.95,Excellent (极好)
A0R043.pdb,0.95,Excellent (极好)
H6WCP4.pdb,0.95,Excellent (极好)
C6Y0D8.pdb,0.95,Excellent (极好)
A0A0H3FZT7.pdb,0.95,Excellent (极好)
O58212.pdb,0.95,Excellent (极好)
O42801.pdb,0.95,Excellent (极好)
Q4J6Z8.pdb,0.95,Excellent (极好)
Q0ZS21.pdb,0.95,Excellent (极好)
G0YW23.pdb,0.95,Excellent (极好)
P0A8N5.pdb,0.95,Excellent (极好)
C9DRU9.pdb,0.95,Excellent (极好)
Q59401.pdb,0.95,Excellent (极好)
P9WIB9.pdb,0.95,Excellent (极好)
I6Y0R5.pdb,0.95,Excellent (极好)
Q1MLL4.pdb,0.95,Excellent (极好)
W8E0Y0.pdb,0.95,Excellent (极好)
Q8U3C9.pdb,0.95,Excellent (极好)
Q000T0.pdb,0.95,Excellent (极好)
A4IQU1.pdb,0.95,Excellent (极好)
X4YXV3.pdb,0.95,Excellent (极好)
H9TUK6.pdb,0.95,Excellent (极好)
B6F260.pdb,0.95,Excellent (极好)
A0A171.pdb,0.95,Excellent (极好)
Q88JP1.pdb,0.95,Excellent (极好)
Q58936.pdb,0.95,Excellent (极好)
Q9HK44.pdb,0.95,Excellent (极好)
P53909.pdb,0.95,Excellent (极好)
Q9U493.pdb,0.95,Excellent (极好)
Q8ILT0.pdb,0.95,Excellent (极好)
K7XFI7.pdb,0.95,Excellent (极好)
C8KIP3.pdb,0.95,Excellent (极好)
Q5SJ85.pdb,0.95,Excellent (极好)
Q8GMY0.pdb,0.95,Excellent (极好)
C6WFL3.pdb,0.95,Excellent (极好)
Q8NK64.pdb,0.95,Excellent (极好)
B7J8J0.pdb,0.95,Excellent (极好)
Q4U331.pdb,0.95,Excellent (极好)
O26153.pdb,0.95,Excellent (极好)
Q97YF5.pdb,0.95,Excellent (极好)
Q8PYS1.pdb,0.95,Excellent (极好)
Q4K977.pdb,0.95,Excellent (极好)
P0A722.pdb,0.95,Excellent (极好)
A4K8Z1.pdb,0.95,Excellent (极好)
H9TUK5.pdb,0.95,Excellent (极好)
P43127.pdb,0.95,Excellent (极好)
P9WIQ3.pdb,0.95,Excellent (极好)
P37773.pdb,0.95,Excellent (极好)
F2L0W0.pdb,0.95,Excellent (极好)
P12547.pdb,0.95,Excellent (极好)
Q0PC20.pdb,0.95,Excellent (极好)
P00808.pdb,0.95,Excellent (极好)
P84612.pdb,0.95,Excellent (极好)
A4ISB9.pdb,0.95,Excellent (极好)
A8WEG5.pdb,0.95,Excellent (极好)
C6XY24.pdb,0.95,Excellent (极好)
Q65NY1.pdb,0.95,Excellent (极好)
P75782.pdb,0.95,Excellent (极好)
A0LST6.pdb,0.95,Excellent (极好)
B5MGR3.pdb,0.95,Excellent (极好)
Q9S2A5.pdb,0.95,Excellent (极好)
A9CEQ8.pdb,0.95,Excellent (极好)
Q7B9Y8.pdb,0.95,Excellent (极好)
A4VMZ0.pdb,0.95,Excellent (极好)
Q5A3V6.pdb,0.95,Excellent (极好)
Q60AN4.pdb,0.95,Excellent (极好)
A5U4I2.pdb,0.95,Excellent (极好)
A2V7M5.pdb,0.95,Excellent (极好)
P0A870.pdb,0.95,Excellent (极好)
Q96UI5.pdb,0.95,Excellent (极好)
Q1XGD4.pdb,0.95,Excellent (极好)
Q9HX69.pdb,0.95,Excellent (极好)
P00381.pdb,0.95,Excellent (极好)
Q5FB93.pdb,0.95,Excellent (极好)
Q9RHA2.pdb,0.95,Excellent (极好)
O31521.pdb,0.95,Excellent (极好)
Q97X93.pdb,0.95,Excellent (极好)
E4NI20.pdb,0.95,Excellent (极好)
H9ZGN0.pdb,0.95,Excellent (极好)
Q5YXQ1.pdb,0.95,Excellent (极好)
A0A0K0M737.pdb,0.95,Excellent (极好)
A0A0D3MA54.pdb,0.95,Excellent (极好)
Q00441.pdb,0.95,Excellent (极好)
I6Y2G3.pdb,0.95,Excellent (极好)
D7GXF9.pdb,0.95,Excellent (极好)
P18644.pdb,0.95,Excellent (极好)
Q59601.pdb,0.95,Excellent (极好)
Q81BW8.pdb,0.95,Excellent (极好)
A0A141BGH5.pdb,0.95,Excellent (极好)
A0A076JRL8.pdb,0.95,Excellent (极好)
Q0VPF7.pdb,0.95,Excellent (极好)
O35010.pdb,0.95,Excellent (极好)
A5IL97.pdb,0.95,Excellent (极好)
J7HET3.pdb,0.95,Excellent (极好)
Q9K169.pdb,0.95,Excellent (极好)
A4VLZ3.pdb,0.95,Excellent (极好)
Q81DR3.pdb,0.95,Excellent (极好)
C6Y1N7.pdb,0.95,Excellent (极好)
Q1XGK8.pdb,0.95,Excellent (极好)
Q58010.pdb,0.95,Excellent (极好)
B6V876.pdb,0.95,Excellent (极好)
Q2G160.pdb,0.95,Excellent (极好)
Q9WYF3.pdb,0.95,Excellent (极好)
C7FLN0.pdb,0.95,Excellent (极好)
D4GSN2.pdb,0.95,Excellent (极好)
K0A689.pdb,0.95,Excellent (极好)
Q96XN9.pdb,0.95,Excellent (极好)
P50740.pdb,0.95,Excellent (极好)
P26616.pdb,0.95,Excellent (极好)
G4T023.pdb,0.95,Excellent (极好)
Q0E9S8.pdb,0.95,Excellent (极好)
Q9S5E2.pdb,0.95,Excellent (极好)
B9WZX2.pdb,0.95,Excellent (极好)
Q838N5.pdb,0.95,Excellent (极好)
P9WQP7.pdb,0.95,Excellent (极好)
F4NCC2.pdb,0.95,Excellent (极好)
Q9V2R8.pdb,0.95,Excellent (极好)
E4Q2A4.pdb,0.95,Excellent (极好)
Q5FAK7.pdb,0.95,Excellent (极好)
P9WJL3.pdb,0.95,Excellent (极好)
O57917.pdb,0.95,Excellent (极好)
Q2YPV0.pdb,0.95,Excellent (极好)
P20971.pdb,0.95,Excellent (极好)
Q9HIW6.pdb,0.95,Excellent (极好)
A9WC36.pdb,0.95,Excellent (极好)
P9WIC6.pdb,0.95,Excellent (极好)
B0B552.pdb,0.95,Excellent (极好)
Q00055.pdb,0.95,Excellent (极好)
A0A077JN67.pdb,0.95,Excellent (极好)
A0A0H3NGZ8.pdb,0.95,Excellent (极好)
A0A060KZ16.pdb,0.95,Excellent (极好)
A3NS93.pdb,0.95,Excellent (极好)
D4GWR6.pdb,0.95,Excellent (极好)
Q50756.pdb,0.95,Excellent (极好)
Q003Y3.pdb,0.95,Excellent (极好)
Q97ZD0.pdb,0.95,Excellent (极好)
Q5FSJ2.pdb,0.95,Excellent (极好)
Q9YGB3.pdb,0.95,Excellent (极好)
D3GGN3.pdb,0.95,Excellent (极好)
O94219.pdb,0.95,Excellent (极好)
D9D7K9.pdb,0.95,Excellent (极好)
Q9YC65.pdb,0.95,Excellent (极好)
Q5FQJ0.pdb,0.95,Excellent (极好)
Q97WG5.pdb,0.95,Excellent (极好)
Q97U35.pdb,0.95,Excellent (极好)
Q9HLX1.pdb,0.95,Excellent (极好)
Q988H5.pdb,0.95,Excellent (极好)
Q9WZZ1.pdb,0.95,Excellent (极好)
Q9X265.pdb,0.95,Excellent (极好)
Q9WYD1.pdb,0.95,Excellent (极好)
Q8U248.pdb,0.95,Excellent (极好)
Q2PGY1.pdb,0.95,Excellent (极好)
L0CR34.pdb,0.95,Excellent (极好)
B9DIJ2.pdb,0.95,Excellent (极好)
P9WH11.pdb,0.95,Excellent (极好)
Q763T4.pdb,0.95,Excellent (极好)
I6XPK9.pdb,0.95,Excellent (极好)
Q3HWU8.pdb,0.95,Excellent (极好)
Q5NGA7.pdb,0.95,Excellent (极好)
Q70G56.pdb,0.95,Excellent (极好)
Q1HEQ0.pdb,0.95,Excellent (极好)
B6HI95.pdb,0.95,Excellent (极好)
P36999.pdb,0.95,Excellent (极好)
O31465.pdb,0.95,Excellent (极好)
Q9Y7P0.pdb,0.95,Excellent (极好)
D1A9G5.pdb,0.95,Excellent (极好)
O15635.pdb,0.95,Excellent (极好)
P24205.pdb,0.95,Excellent (极好)
Q9Z7D3.pdb,0.95,Excellent (极好)
Q76LT2.pdb,0.95,Excellent (极好)
Q7N6U8.pdb,0.95,Excellent (极好)
Q7WZT5.pdb,0.95,Excellent (极好)
F9UM18.pdb,0.95,Excellent (极好)
A0QU81.pdb,0.95,Excellent (极好)
B4X9S4.pdb,0.95,Excellent (极好)
Q1ET73.pdb,0.95,Excellent (极好)
C4M0W5.pdb,0.95,Excellent (极好)
Q5JGP4.pdb,0.95,Excellent (极好)
A0A140N932.pdb,0.95,Excellent (极好)
A0A099D4T8.pdb,0.95,Excellent (极好)
A6T7D6.pdb,0.95,Excellent (极好)
A1IG83.pdb,0.95,Excellent (极好)
Q9X2I8.pdb,0.95,Excellent (极好)
Q2U7D3.pdb,0.95,Excellent (极好)
Q2HPP6.pdb,0.95,Excellent (极好)
S5SPJ1.pdb,0.95,Excellent (极好)
Q84GK1.pdb,0.95,Excellent (极好)
A5HMI1.pdb,0.95,Excellent (极好)
P60781.pdb,0.95,Excellent (极好)
U3T1K4.pdb,0.95,Excellent (极好)
O06543.pdb,0.95,Excellent (极好)
Q83V33.pdb,0.95,Excellent (极好)
A1TH50.pdb,0.95,Excellent (极好)
F8G0M3.pdb,0.94,Excellent (极好)
A4YEH9.pdb,0.94,Excellent (极好)
Q88RQ5.pdb,0.94,Excellent (极好)
Q3IFA2.pdb,0.94,Excellent (极好)
Q7S3U4.pdb,0.94,Excellent (极好)
Q580R7.pdb,0.94,Excellent (极好)
B6ZIV1.pdb,0.94,Excellent (极好)
D3GE78.pdb,0.94,Excellent (极好)
Q8U2I1.pdb,0.94,Excellent (极好)
A4YGN0.pdb,0.94,Excellent (极好)
A0A0E4A9D6.pdb,0.94,Excellent (极好)
B8D484.pdb,0.94,Excellent (极好)
Q5JFV8.pdb,0.94,Excellent (极好)
O86169.pdb,0.94,Excellent (极好)
Q9I5I6.pdb,0.94,Excellent (极好)
O07177.pdb,0.94,Excellent (极好)
P51182.pdb,0.94,Excellent (极好)
F8A9V0.pdb,0.94,Excellent (极好)
Q9ABE3.pdb,0.94,Excellent (极好)
G9M5R4.pdb,0.94,Excellent (极好)
Q72IW9.pdb,0.94,Excellent (极好)
Q9WYB1.pdb,0.94,Excellent (极好)
P45148.pdb,0.94,Excellent (极好)
Q8THU2.pdb,0.94,Excellent (极好)
P49425.pdb,0.94,Excellent (极好)
O28341.pdb,0.94,Excellent (极好)
P13154.pdb,0.94,Excellent (极好)
Q5JJB9.pdb,0.94,Excellent (极好)
F0NBH8.pdb,0.94,Excellent (极好)
S6B6P7.pdb,0.94,Excellent (极好)
Q0QFQ3.pdb,0.94,Excellent (极好)
Q0QLE6.pdb,0.94,Excellent (极好)
B5UAT8.pdb,0.94,Excellent (极好)
A0A140JW76.pdb,0.94,Excellent (极好)
C0LNR0.pdb,0.94,Excellent (极好)
Q9UTM7.pdb,0.94,Excellent (极好)
Q9UZV2.pdb,0.94,Excellent (极好)
A0A073KHN9.pdb,0.94,Excellent (极好)
G3FFC9.pdb,0.94,Excellent (极好)
I6Z9A7.pdb,0.94,Excellent (极好)
Q9C4M5.pdb,0.94,Excellent (极好)
A0A1B4XTS0.pdb,0.94,Excellent (极好)
Q9RWH9.pdb,0.94,Excellent (极好)
F9VPG1.pdb,0.94,Excellent (极好)
Q932V0.pdb,0.94,Excellent (极好)
B3FYT6.pdb,0.94,Excellent (极好)
Q8U4Q3.pdb,0.94,Excellent (极好)
Q82P90.pdb,0.94,Excellent (极好)
S5FMM4.pdb,0.94,Excellent (极好)
A3GHR6.pdb,0.94,Excellent (极好)
G3FHJ1.pdb,0.94,Excellent (极好)
Q5EXK1.pdb,0.94,Excellent (极好)
Q9KQ52.pdb,0.94,Excellent (极好)
Q12051.pdb,0.94,Excellent (极好)
O08349.pdb,0.94,Excellent (极好)
Q5LH66.pdb,0.94,Excellent (极好)
O50083.pdb,0.94,Excellent (极好)
Q51723.pdb,0.94,Excellent (极好)
P94804.pdb,0.94,Excellent (极好)
Q8THG2.pdb,0.94,Excellent (极好)
Q0VZ68.pdb,0.94,Excellent (极好)
P54616.pdb,0.94,Excellent (极好)
P0ADR6.pdb,0.94,Excellent (极好)
Q4J6C9.pdb,0.94,Excellent (极好)
A0A0H3FYM1.pdb,0.94,Excellent (极好)
A0A0M4NIK2.pdb,0.94,Excellent (极好)
Q9YC66.pdb,0.94,Excellent (极好)
Q58991.pdb,0.94,Excellent (极好)
Q6XKX6.pdb,0.94,Excellent (极好)
O29269.pdb,0.94,Excellent (极好)
Q9HIC2.pdb,0.94,Excellent (极好)
A3GHL4.pdb,0.94,Excellent (极好)
A0A140JW77.pdb,0.94,Excellent (极好)
O05510.pdb,0.94,Excellent (极好)
Q9I530.pdb,0.94,Excellent (极好)
Q8U3I6.pdb,0.94,Excellent (极好)
Q65L63.pdb,0.94,Excellent (极好)
P10584.pdb,0.94,Excellent (极好)
Q6R7Z5.pdb,0.94,Excellent (极好)
Q9YET5.pdb,0.94,Excellent (极好)
P38032.pdb,0.94,Excellent (极好)
I6Y4D2.pdb,0.94,Excellent (极好)
A3GF05.pdb,0.94,Excellent (极好)
Q9NL96.pdb,0.94,Excellent (极好)
Q6LXJ6.pdb,0.94,Excellent (极好)
C5J3R6.pdb,0.94,Excellent (极好)
Q6Y656.pdb,0.94,Excellent (极好)
Q06AK7.pdb,0.94,Excellent (极好)
Q57880.pdb,0.94,Excellent (极好)
C6L862.pdb,0.94,Excellent (极好)
O33707.pdb,0.94,Excellent (极好)
Q2K0Q7.pdb,0.94,Excellent (极好)
Q5JI09.pdb,0.94,Excellent (极好)
Q4JB88.pdb,0.94,Excellent (极好)
Q8IE38.pdb,0.94,Excellent (极好)
Q9KHJ9.pdb,0.94,Excellent (极好)
Q96XE7.pdb,0.94,Excellent (极好)
Q5AUX2.pdb,0.94,Excellent (极好)
Q5CXD0.pdb,0.94,Excellent (极好)
O74641.pdb,0.94,Excellent (极好)
Q47RJ6.pdb,0.94,Excellent (极好)
Q5SJ01.pdb,0.94,Excellent (极好)
B3WD16.pdb,0.94,Excellent (极好)
Q4JAD1.pdb,0.94,Excellent (极好)
P04957.pdb,0.94,Excellent (极好)
Q9HUU7.pdb,0.94,Excellent (极好)
Q12XX4.pdb,0.94,Excellent (极好)
Q9NAT4.pdb,0.94,Excellent (极好)
D4P4Y7.pdb,0.94,Excellent (极好)
Q04212.pdb,0.94,Excellent (极好)
W8QF82.pdb,0.94,Excellent (极好)
P46920.pdb,0.94,Excellent (极好)
Q8U2A4.pdb,0.94,Excellent (极好)
W8P6D0.pdb,0.94,Excellent (极好)
P55250.pdb,0.94,Excellent (极好)
Q9ZAP8.pdb,0.94,Excellent (极好)
Q4J702.pdb,0.94,Excellent (极好)
Q9AIK2.pdb,0.94,Excellent (极好)
Q81LA8.pdb,0.94,Excellent (极好)
P26093.pdb,0.94,Excellent (极好)
Q97YX7.pdb,0.94,Excellent (极好)
P0A6K3.pdb,0.94,Excellent (极好)
O68541.pdb,0.94,Excellent (极好)
Q8CJQ1.pdb,0.94,Excellent (极好)
O50444.pdb,0.94,Excellent (极好)
O66747.pdb,0.94,Excellent (极好)
Q4QNS8.pdb,0.94,Excellent (极好)
A0A1K3RIC7.pdb,0.94,Excellent (极好)
B1Y9F9.pdb,0.94,Excellent (极好)
B9WZX7.pdb,0.94,Excellent (极好)
Q59618.pdb,0.94,Excellent (极好)
Q9I0Q0.pdb,0.94,Excellent (极好)
Q58LW6.pdb,0.94,Excellent (极好)
Q8NRQ7.pdb,0.94,Excellent (极好)
Q6KZ98.pdb,0.94,Excellent (极好)
B8IF02.pdb,0.94,Excellent (极好)
Q08352.pdb,0.94,Excellent (极好)
A0A0F6QU36.pdb,0.94,Excellent (极好)
P54166.pdb,0.94,Excellent (极好)
Q4QEB3.pdb,0.94,Excellent (极好)
Q97VM8.pdb,0.94,Excellent (极好)
A9H275.pdb,0.94,Excellent (极好)
Q5SIJ1.pdb,0.94,Excellent (极好)
Q0E4W0.pdb,0.94,Excellent (极好)
Q8WZI8.pdb,0.94,Excellent (极好)
Q8NKS4.pdb,0.94,Excellent (极好)
A3MUJ4.pdb,0.94,Excellent (极好)
Q8KWI9.pdb,0.94,Excellent (极好)
O93656.pdb,0.94,Excellent (极好)
B1N1A2.pdb,0.94,Excellent (极好)
Q4KIM5.pdb,0.94,Excellent (极好)
A2BIX4.pdb,0.94,Excellent (极好)
Q8KRD4.pdb,0.94,Excellent (极好)
W5RWH8.pdb,0.94,Excellent (极好)
O54204.pdb,0.94,Excellent (极好)
Q5JIE9.pdb,0.94,Excellent (极好)
F9VMI9.pdb,0.94,Excellent (极好)
Q9I6J9.pdb,0.94,Excellent (极好)
P9WJJ7.pdb,0.94,Excellent (极好)
Q8U144.pdb,0.94,Excellent (极好)
O28778.pdb,0.94,Excellent (极好)
C9K2Z6.pdb,0.94,Excellent (极好)
E9LVH8.pdb,0.94,Excellent (极好)
Q9Y8D9.pdb,0.94,Excellent (极好)
Q4DMS3.pdb,0.94,Excellent (极好)
P39138.pdb,0.94,Excellent (极好)
P09347.pdb,0.94,Excellent (极好)
P09169.pdb,0.94,Excellent (极好)
A0A059WLZ7.pdb,0.94,Excellent (极好)
A0A077AY47.pdb,0.94,Excellent (极好)
Q8CT69.pdb,0.94,Excellent (极好)
Q65GB9.pdb,0.94,Excellent (极好)
A4YI81.pdb,0.94,Excellent (极好)
Q97VT7.pdb,0.94,Excellent (极好)
Q9UR30.pdb,0.94,Excellent (极好)
P39485.pdb,0.94,Excellent (极好)
Q8U259.pdb,0.94,Excellent (极好)
O67060.pdb,0.94,Excellent (极好)
Q6KYX5.pdb,0.94,Excellent (极好)
V5LER1.pdb,0.94,Excellent (极好)
A1S0B1.pdb,0.94,Excellent (极好)
P77425.pdb,0.94,Excellent (极好)
P50933.pdb,0.94,Excellent (极好)
P0A6I3.pdb,0.94,Excellent (极好)
P06961.pdb,0.94,Excellent (极好)
D9J041.pdb,0.94,Excellent (极好)
M1R344.pdb,0.94,Excellent (极好)
P97046.pdb,0.94,Excellent (极好)
S4T8N6.pdb,0.94,Excellent (极好)
O58453.pdb,0.94,Excellent (极好)
D8WN00.pdb,0.94,Excellent (极好)
Q7CIZ7.pdb,0.94,Excellent (极好)
K0J2A4.pdb,0.94,Excellent (极好)
A8JC04.pdb,0.94,Excellent (极好)
Q5KR05.pdb,0.94,Excellent (极好)
C8WGQ3.pdb,0.94,Excellent (极好)
E7EKB8.pdb,0.94,Excellent (极好)
P0A873.pdb,0.94,Excellent (极好)
Q01284.pdb,0.94,Excellent (极好)
Q9I6K2.pdb,0.94,Excellent (极好)
O29794.pdb,0.94,Excellent (极好)
A0A145Y386.pdb,0.94,Excellent (极好)
F0QXN6.pdb,0.94,Excellent (极好)
A0JC77.pdb,0.94,Excellent (极好)
Q6L6Q4.pdb,0.94,Excellent (极好)
Q88FY2.pdb,0.94,Excellent (极好)
Q5JI38.pdb,0.94,Excellent (极好)
E7FHL9.pdb,0.94,Excellent (极好)
Q0ZS19.pdb,0.94,Excellent (极好)
A0A075Q354.pdb,0.94,Excellent (极好)
Q2YS20.pdb,0.94,Excellent (极好)
P40495.pdb,0.94,Excellent (极好)
P48425.pdb,0.94,Excellent (极好)
Q9RFN5.pdb,0.94,Excellent (极好)
Q68AP4.pdb,0.93,Excellent (极好)
E9LVH9.pdb,0.93,Excellent (极好)
P76251.pdb,0.93,Excellent (极好)
Q47RJ7.pdb,0.93,Excellent (极好)
G4T024.pdb,0.93,Excellent (极好)
C5NU54.pdb,0.93,Excellent (极好)
Q58185.pdb,0.93,Excellent (极好)
Q97V06.pdb,0.93,Excellent (极好)
Q6UVM5.pdb,0.93,Excellent (极好)
A0A0H2Z9F5.pdb,0.93,Excellent (极好)
A0A068CB13.pdb,0.93,Excellent (极好)
G5DE31.pdb,0.93,Excellent (极好)
A0A0U2RV57.pdb,0.93,Excellent (极好)
Q837U7.pdb,0.93,Excellent (极好)
P42663.pdb,0.93,Excellent (极好)
Q5JDJ1.pdb,0.93,Excellent (极好)
A8F6K5.pdb,0.93,Excellent (极好)
A9CK16.pdb,0.93,Excellent (极好)
Q2LE69.pdb,0.93,Excellent (极好)
Q8NKS2.pdb,0.93,Excellent (极好)
Q8E5N5.pdb,0.93,Excellent (极好)
P09158.pdb,0.93,Excellent (极好)
Q05016.pdb,0.93,Excellent (极好)
Q3IEB7.pdb,0.93,Excellent (极好)
Q60352.pdb,0.93,Excellent (极好)
Q51548.pdb,0.93,Excellent (极好)
G2RGW4.pdb,0.93,Excellent (极好)
P32021.pdb,0.93,Excellent (极好)
Q9RFV6.pdb,0.93,Excellent (极好)
Q5JHF1.pdb,0.93,Excellent (极好)
P48424.pdb,0.93,Excellent (极好)
P25087.pdb,0.93,Excellent (极好)
Q1XG01.pdb,0.93,Excellent (极好)
P61883.pdb,0.93,Excellent (极好)
I7HFV7.pdb,0.93,Excellent (极好)
Q9HV27.pdb,0.93,Excellent (极好)
B6YTG7.pdb,0.93,Excellent (极好)
O31097.pdb,0.93,Excellent (极好)
C4LUB5.pdb,0.93,Excellent (极好)
D3JTC1.pdb,0.93,Excellent (极好)
Q9ADE8.pdb,0.93,Excellent (极好)
A0A0K2GVV7.pdb,0.93,Excellent (极好)
B0NGC5.pdb,0.93,Excellent (极好)
P42094.pdb,0.93,Excellent (极好)
Q9X122.pdb,0.93,Excellent (极好)
G2Q4H7.pdb,0.93,Excellent (极好)
Q877I5.pdb,0.93,Excellent (极好)
A0A0E4AY21.pdb,0.93,Excellent (极好)
Q976X5.pdb,0.93,Excellent (极好)
O27106.pdb,0.93,Excellent (极好)
A0A1B1WA13.pdb,0.93,Excellent (极好)
Q88B12.pdb,0.93,Excellent (极好)
Q9LAH7.pdb,0.93,Excellent (极好)
U6CL97.pdb,0.93,Excellent (极好)
P07913.pdb,0.93,Excellent (极好)
A5IKD4.pdb,0.93,Excellent (极好)
D9TQ00.pdb,0.93,Excellent (极好)
Q9LCC5.pdb,0.93,Excellent (极好)
Q5B2G3.pdb,0.93,Excellent (极好)
Q9P9K9.pdb,0.93,Excellent (极好)
O29852.pdb,0.93,Excellent (极好)
A8DEZ8.pdb,0.93,Excellent (极好)
P0A786.pdb,0.93,Excellent (极好)
Q58595.pdb,0.93,Excellent (极好)
P25576.pdb,0.93,Excellent (极好)
Q9YEJ7.pdb,0.93,Excellent (极好)
Q7S2S4.pdb,0.93,Excellent (极好)
Q9YDK6.pdb,0.93,Excellent (极好)
Q58933.pdb,0.93,Excellent (极好)
P0AGG2.pdb,0.93,Excellent (极好)
B6E9W1.pdb,0.93,Excellent (极好)
Q9XCW3.pdb,0.93,Excellent (极好)
C1K6P2.pdb,0.93,Excellent (极好)
B0R9W3.pdb,0.93,Excellent (极好)
Q2V0H1.pdb,0.93,Excellent (极好)
Q6L285.pdb,0.93,Excellent (极好)
P61111.pdb,0.93,Excellent (极好)
Q7LYI9.pdb,0.93,Excellent (极好)
Q9X0S8.pdb,0.93,Excellent (极好)
Q74HL7.pdb,0.93,Excellent (极好)
Q9RF52.pdb,0.93,Excellent (极好)
A2RNG4.pdb,0.93,Excellent (极好)
E5RQ20.pdb,0.93,Excellent (极好)
O30560.pdb,0.93,Excellent (极好)
Q1ARU5.pdb,0.93,Excellent (极好)
Q5CSM7.pdb,0.93,Excellent (极好)
D3PT81.pdb,0.93,Excellent (极好)
A7Y9V0.pdb,0.93,Excellent (极好)
Q88Q83.pdb,0.93,Excellent (极好)
Q6MNP0.pdb,0.93,Excellent (极好)
D9Q1R5.pdb,0.93,Excellent (极好)
Q9AJS0.pdb,0.93,Excellent (极好)
P9WFX3.pdb,0.93,Excellent (极好)
Q5ECC3.pdb,0.93,Excellent (极好)
A9QT35.pdb,0.93,Excellent (极好)
B1Y9G0.pdb,0.93,Excellent (极好)
Q66V97.pdb,0.93,Excellent (极好)
B1GSN6.pdb,0.93,Excellent (极好)
A7J1X4.pdb,0.93,Excellent (极好)
P50251.pdb,0.93,Excellent (极好)
Q9YEA1.pdb,0.93,Excellent (极好)
Q99040.pdb,0.93,Excellent (极好)
O30561.pdb,0.93,Excellent (极好)
Q56S04.pdb,0.93,Excellent (极好)
Q5SLJ4.pdb,0.93,Excellent (极好)
Q58980.pdb,0.93,Excellent (极好)
P43886.pdb,0.93,Excellent (极好)
D9XD61.pdb,0.93,Excellent (极好)
Q5QKF8.pdb,0.93,Excellent (极好)
F7YTI3.pdb,0.93,Excellent (极好)
Q81IH1.pdb,0.93,Excellent (极好)
P81717.pdb,0.93,Excellent (极好)
Q01532.pdb,0.93,Excellent (极好)
P0AB89.pdb,0.93,Excellent (极好)
E0XF09.pdb,0.93,Excellent (极好)
O59071.pdb,0.93,Excellent (极好)
S5YEW8.pdb,0.93,Excellent (极好)
C0ZRJ2.pdb,0.93,Excellent (极好)
C7EXL6.pdb,0.93,Excellent (极好)
P9WJ93.pdb,0.93,Excellent (极好)
P58314.pdb,0.93,Excellent (极好)
Q603D5.pdb,0.93,Excellent (极好)
Q485S0.pdb,0.93,Excellent (极好)
Q8ESQ6.pdb,0.93,Excellent (极好)
P33247.pdb,0.93,Excellent (极好)
Q2RIZ2.pdb,0.93,Excellent (极好)
A0A0K2F2K4.pdb,0.93,Excellent (极好)
Q8NTE1.pdb,0.93,Excellent (极好)
Q9HHA2.pdb,0.93,Excellent (极好)
A5VEL7.pdb,0.93,Excellent (极好)
Q70FD1.pdb,0.93,Excellent (极好)
A4CYJ9.pdb,0.93,Excellent (极好)
E9BLE1.pdb,0.93,Excellent (极好)
P33025.pdb,0.93,Excellent (极好)
A9QVV8.pdb,0.93,Excellent (极好)
G4RK44.pdb,0.93,Excellent (极好)
Q9PER7.pdb,0.93,Excellent (极好)
P94368.pdb,0.93,Excellent (极好)
Q2QC89.pdb,0.93,Excellent (极好)
P56081.pdb,0.93,Excellent (极好)
Q0VTB0.pdb,0.93,Excellent (极好)
R4L284.pdb,0.93,Excellent (极好)
Q7V6D4.pdb,0.93,Excellent (极好)
P53052.pdb,0.93,Excellent (极好)
Q4A9M4.pdb,0.93,Excellent (极好)
O66937.pdb,0.93,Excellent (极好)
Q51507.pdb,0.93,Excellent (极好)
Q976G4.pdb,0.93,Excellent (极好)
O73949.pdb,0.93,Excellent (极好)
Q97ZF1.pdb,0.93,Excellent (极好)
F6KV62.pdb,0.93,Excellent (极好)
Q9HX12.pdb,0.93,Excellent (极好)
Q9AJE3.pdb,0.93,Excellent (极好)
P60785.pdb,0.93,Excellent (极好)
Q9WYB7.pdb,0.93,Excellent (极好)
Q2N4T5.pdb,0.93,Excellent (极好)
Q12713.pdb,0.93,Excellent (极好)
Q17ZY4.pdb,0.93,Excellent (极好)
Q8U1Z6.pdb,0.93,Excellent (极好)
B5MGR2.pdb,0.93,Excellent (极好)
P0AB91.pdb,0.93,Excellent (极好)
Q9HUG8.pdb,0.93,Excellent (极好)
Q08VU0.pdb,0.93,Excellent (极好)
P15770.pdb,0.93,Excellent (极好)
A0A140N893.pdb,0.93,Excellent (极好)
P50388.pdb,0.93,Excellent (极好)
P27306.pdb,0.93,Excellent (极好)
Q47RA9.pdb,0.93,Excellent (极好)
P81535.pdb,0.93,Excellent (极好)
P39831.pdb,0.93,Excellent (极好)
Q58761.pdb,0.93,Excellent (极好)
Q56317.pdb,0.93,Excellent (极好)
Q46948.pdb,0.93,Excellent (极好)
P37794.pdb,0.93,Excellent (极好)
Q586W9.pdb,0.93,Excellent (极好)
P58764.pdb,0.93,Excellent (极好)
O32374.pdb,0.93,Excellent (极好)
P20906.pdb,0.93,Excellent (极好)
H6UWP3.pdb,0.93,Excellent (极好)
F4NCC3.pdb,0.93,Excellent (极好)
B7A9X4.pdb,0.93,Excellent (极好)
A0A0A2SLZ4.pdb,0.93,Excellent (极好)
Q4F895.pdb,0.93,Excellent (极好)
Q2HWU5.pdb,0.93,Excellent (极好)
Q9Z4Z5.pdb,0.93,Excellent (极好)
Q8GAX0.pdb,0.93,Excellent (极好)
F8AEA4.pdb,0.93,Excellent (极好)
Q7M135.pdb,0.93,Excellent (极好)
Q9L7P2.pdb,0.93,Excellent (极好)
Q9K3J3.pdb,0.93,Excellent (极好)
A4YEG2.pdb,0.93,Excellent (极好)
Q72GU1.pdb,0.93,Excellent (极好)
Q1AWQ0.pdb,0.93,Excellent (极好)
Q8U3L0.pdb,0.93,Excellent (极好)
Q52500.pdb,0.93,Excellent (极好)
O84781.pdb,0.93,Excellent (极好)
A3MWU9.pdb,0.93,Excellent (极好)
P22936.pdb,0.93,Excellent (极好)
A3MVR8.pdb,0.93,Excellent (极好)
P13661.pdb,0.93,Excellent (极好)
E0RVY7.pdb,0.93,Excellent (极好)
P20845.pdb,0.93,Excellent (极好)
B9WPN8.pdb,0.93,Excellent (极好)
G7VCG0.pdb,0.93,Excellent (极好)
Q51739.pdb,0.93,Excellent (极好)
Q9XBQ3.pdb,0.93,Excellent (极好)
O58691.pdb,0.93,Excellent (极好)
P26646.pdb,0.93,Excellent (极好)
Q45477.pdb,0.93,Excellent (极好)
Q58037.pdb,0.93,Excellent (极好)
P27833.pdb,0.93,Excellent (极好)
D1MYR1.pdb,0.93,Excellent (极好)
Q71JU8.pdb,0.93,Excellent (极好)
Q04ML5.pdb,0.93,Excellent (极好)
Q8EEB0.pdb,0.93,Excellent (极好)
H9C9P0.pdb,0.93,Excellent (极好)
Q4QZ27.pdb,0.93,Excellent (极好)
Q0ZS23.pdb,0.93,Excellent (极好)
Q9F1X7.pdb,0.93,Excellent (极好)
Q86RB1.pdb,0.93,Excellent (极好)
Q2FUB2.pdb,0.93,Excellent (极好)
C6ZHB0.pdb,0.93,Excellent (极好)
Q58407.pdb,0.93,Excellent (极好)
Q9UWR5.pdb,0.93,Excellent (极好)
P49421.pdb,0.93,Excellent (极好)
Q9YA66.pdb,0.93,Excellent (极好)
K0J3J2.pdb,0.93,Excellent (极好)
Q5JH87.pdb,0.93,Excellent (极好)
Q8L3C9.pdb,0.93,Excellent (极好)
Q8RJN8.pdb,0.93,Excellent (极好)
V9NGI4.pdb,0.93,Excellent (极好)
Q7LXU1.pdb,0.93,Excellent (极好)
Q078T0.pdb,0.93,Excellent (极好)
A6N8S2.pdb,0.93,Excellent (极好)
G4WJC8.pdb,0.93,Excellent (极好)
Q9X024.pdb,0.93,Excellent (极好)
Q93Y52.pdb,0.93,Excellent (极好)
C7R702.pdb,0.93,Excellent (极好)
C3W7W0.pdb,0.93,Excellent (极好)
B3VA58.pdb,0.93,Excellent (极好)
A7TVD4.pdb,0.93,Excellent (极好)
G3JWZ2.pdb,0.93,Excellent (极好)
P80040.pdb,0.93,Excellent (极好)
Q2V983.pdb,0.93,Excellent (极好)
Q89VT8.pdb,0.93,Excellent (极好)
A4UU76.pdb,0.93,Excellent (极好)
Q88L96.pdb,0.93,Excellent (极好)
Q66WM4.pdb,0.93,Excellent (极好)
Q0CDD9.pdb,0.93,Excellent (极好)
Q8DR77.pdb,0.93,Excellent (极好)
Q0PGS3.pdb,0.92,Excellent (极好)
Q27651.pdb,0.92,Excellent (极好)
A1B5I2.pdb,0.92,Excellent (极好)
Q45071.pdb,0.92,Excellent (极好)
Q2SWW9.pdb,0.92,Excellent (极好)
Q8U3Y2.pdb,0.92,Excellent (极好)
X5CPN2.pdb,0.92,Excellent (极好)
P9WIJ3.pdb,0.92,Excellent (极好)
Q76KC2.pdb,0.92,Excellent (极好)
Q9X584.pdb,0.92,Excellent (极好)
A8D7K2.pdb,0.92,Excellent (极好)
A9P7G0.pdb,0.92,Excellent (极好)
C5J048.pdb,0.92,Excellent (极好)
A1A048.pdb,0.92,Excellent (极好)
Q97LU2.pdb,0.92,Excellent (极好)
P80650.pdb,0.92,Excellent (极好)
C7A621.pdb,0.92,Excellent (极好)
Q5H614.pdb,0.92,Excellent (极好)
P27000.pdb,0.92,Excellent (极好)
A0A0E4AX59.pdb,0.92,Excellent (极好)
D0VX20.pdb,0.92,Excellent (极好)
Q53TZ2.pdb,0.92,Excellent (极好)
Q81W29.pdb,0.92,Excellent (极好)
Q06241.pdb,0.92,Excellent (极好)
Q6XNK6.pdb,0.92,Excellent (极好)
Q8U4G1.pdb,0.92,Excellent (极好)
P0A7Y4.pdb,0.92,Excellent (极好)
Q5SJA1.pdb,0.92,Excellent (极好)
A0A0H3BY05.pdb,0.92,Excellent (极好)
Q59468.pdb,0.92,Excellent (极好)
Q5U921.pdb,0.92,Excellent (极好)
Q8DT64.pdb,0.92,Excellent (极好)
B8QHP5.pdb,0.92,Excellent (极好)
H3ZMH5.pdb,0.92,Excellent (极好)
W8CQB1.pdb,0.92,Excellent (极好)
Q9S5V6.pdb,0.92,Excellent (极好)
O52629.pdb,0.92,Excellent (极好)
A6YM39.pdb,0.92,Excellent (极好)
Q96Z02.pdb,0.92,Excellent (极好)
B1PHD3.pdb,0.92,Excellent (极好)
P95690.pdb,0.92,Excellent (极好)
Q88K85.pdb,0.92,Excellent (极好)
Q6L047.pdb,0.92,Excellent (极好)
Q93J06.pdb,0.92,Excellent (极好)
Q2VPS0.pdb,0.92,Excellent (极好)
Q65GW7.pdb,0.92,Excellent (极好)
A2R6F5.pdb,0.92,Excellent (极好)
O67501.pdb,0.92,Excellent (极好)
Q8Q0G3.pdb,0.92,Excellent (极好)
V5YT97.pdb,0.92,Excellent (极好)
Q92WA3.pdb,0.92,Excellent (极好)
B3XPZ4.pdb,0.92,Excellent (极好)
Q83WC3.pdb,0.92,Excellent (极好)
Q6GG09.pdb,0.92,Excellent (极好)
Q8X1C8.pdb,0.92,Excellent (极好)
Q5JHY2.pdb,0.92,Excellent (极好)
Q84B22.pdb,0.92,Excellent (极好)
A0A1D0BQV8.pdb,0.92,Excellent (极好)
D7UTZ8.pdb,0.92,Excellent (极好)
K9L4P7.pdb,0.92,Excellent (极好)
A7J1X3.pdb,0.92,Excellent (极好)
Q5JI33.pdb,0.92,Excellent (极好)
A3DJS9.pdb,0.92,Excellent (极好)
W0PFR9.pdb,0.92,Excellent (极好)
Q5JFG7.pdb,0.92,Excellent (极好)
B3Y018.pdb,0.92,Excellent (极好)
P0CW40.pdb,0.92,Excellent (极好)
Q81R98.pdb,0.92,Excellent (极好)
Q8TG27.pdb,0.92,Excellent (极好)
Q8TZL6.pdb,0.92,Excellent (极好)
Q6L0S1.pdb,0.92,Excellent (极好)
Q76M73.pdb,0.92,Excellent (极好)
T1RPY0.pdb,0.92,Excellent (极好)
P10378.pdb,0.92,Excellent (极好)
Q5JGF8.pdb,0.92,Excellent (极好)
A0A088BC14.pdb,0.92,Excellent (极好)
O30438.pdb,0.92,Excellent (极好)
O57980.pdb,0.92,Excellent (极好)
A0A068FNL1.pdb,0.92,Excellent (极好)
B6YUS8.pdb,0.92,Excellent (极好)
D3JU53.pdb,0.92,Excellent (极好)
V9NHA1.pdb,0.92,Excellent (极好)
B6CND6.pdb,0.92,Excellent (极好)
C1L336.pdb,0.92,Excellent (极好)
Q93GB6.pdb,0.92,Excellent (极好)
Q8TXY4.pdb,0.92,Excellent (极好)
Q8U1G2.pdb,0.92,Excellent (极好)
Q9YGB5.pdb,0.92,Excellent (极好)
P31072.pdb,0.92,Excellent (极好)
A1RVM8.pdb,0.92,Excellent (极好)
Q88GF6.pdb,0.92,Excellent (极好)
Q62L02.pdb,0.92,Excellent (极好)
P06169.pdb,0.92,Excellent (极好)
Q9P979.pdb,0.92,Excellent (极好)
A1KU15.pdb,0.92,Excellent (极好)
B3EYM8.pdb,0.92,Excellent (极好)
Q5JHA5.pdb,0.92,Excellent (极好)
P26263.pdb,0.92,Excellent (极好)
A5IKD0.pdb,0.92,Excellent (极好)
B1A4R6.pdb,0.92,Excellent (极好)
Q84HI6.pdb,0.92,Excellent (极好)
F9VNG5.pdb,0.92,Excellent (极好)
Q9V1J7.pdb,0.92,Excellent (极好)
P34210.pdb,0.92,Excellent (极好)
Q5JEK6.pdb,0.92,Excellent (极好)
W8JNL4.pdb,0.92,Excellent (极好)
P00344.pdb,0.92,Excellent (极好)
O54050.pdb,0.92,Excellent (极好)
Q97Z86.pdb,0.92,Excellent (极好)
Q9ALV2.pdb,0.92,Excellent (极好)
A2RNG5.pdb,0.92,Excellent (极好)
Q8J2Z4.pdb,0.92,Excellent (极好)
Q12382.pdb,0.92,Excellent (极好)
O27089.pdb,0.92,Excellent (极好)
Q977X9.pdb,0.92,Excellent (极好)
Q9Y7B6.pdb,0.92,Excellent (极好)
C7P8V7.pdb,0.92,Excellent (极好)
B2DEW2.pdb,0.92,Excellent (极好)
E1CJT1.pdb,0.92,Excellent (极好)
F7J1C8.pdb,0.92,Excellent (极好)
B2W4L0.pdb,0.92,Excellent (极好)
G4I2J6.pdb,0.92,Excellent (极好)
D4GP33.pdb,0.92,Excellent (极好)
Q9CFI2.pdb,0.92,Excellent (极好)
P08303.pdb,0.92,Excellent (极好)
Q60182.pdb,0.92,Excellent (极好)
P25152.pdb,0.92,Excellent (极好)
Q6T1W7.pdb,0.92,Excellent (极好)
Q47898.pdb,0.92,Excellent (极好)
C3W4Q7.pdb,0.92,Excellent (极好)
Q27783.pdb,0.92,Excellent (极好)
Q9HFQ1.pdb,0.92,Excellent (极好)
G2QDN2.pdb,0.92,Excellent (极好)
B2KJ46.pdb,0.92,Excellent (极好)
P0A0Y1.pdb,0.92,Excellent (极好)
P9WJJ5.pdb,0.92,Excellent (极好)
Q2V982.pdb,0.92,Excellent (极好)
P9WPX7.pdb,0.92,Excellent (极好)
Q8NKS6.pdb,0.92,Excellent (极好)
Q0BRB0.pdb,0.92,Excellent (极好)
Q4A041.pdb,0.92,Excellent (极好)
Q9F3K4.pdb,0.92,Excellent (极好)
O67010.pdb,0.92,Excellent (极好)
D1JGU3.pdb,0.92,Excellent (极好)
Q96VH9.pdb,0.92,Excellent (极好)
Q6R6P5.pdb,0.92,Excellent (极好)
O67646.pdb,0.92,Excellent (极好)
Q6QGY5.pdb,0.92,Excellent (极好)
W8CQR1.pdb,0.92,Excellent (极好)
A6VQP8.pdb,0.92,Excellent (极好)
P53051.pdb,0.92,Excellent (极好)
Q76K51.pdb,0.92,Excellent (极好)
P0C0Y5.pdb,0.92,Excellent (极好)
P94531.pdb,0.92,Excellent (极好)
Q21FJ0.pdb,0.92,Excellent (极好)
G3FNL7.pdb,0.92,Excellent (极好)
P10725.pdb,0.92,Excellent (极好)
Q4H2B4.pdb,0.92,Excellent (极好)
P99106.pdb,0.92,Excellent (极好)
Q6TNA5.pdb,0.92,Excellent (极好)
Q9WZ18.pdb,0.92,Excellent (极好)
E2RV69.pdb,0.92,Excellent (极好)
D1A2H1.pdb,0.92,Excellent (极好)
Q45VU2.pdb,0.92,Excellent (极好)
O59089.pdb,0.92,Excellent (极好)
P48827.pdb,0.92,Excellent (极好)
Q87EL2.pdb,0.92,Excellent (极好)
Q5Y152.pdb,0.92,Excellent (极好)
Q0ZS24.pdb,0.92,Excellent (极好)
Q93TJ5.pdb,0.92,Excellent (极好)
Q08295.pdb,0.92,Excellent (极好)
O67848.pdb,0.92,Excellent (极好)
D0EPY0.pdb,0.92,Excellent (极好)
Q0CBM7.pdb,0.92,Excellent (极好)
Q9KJ21.pdb,0.92,Excellent (极好)
Q0VTC7.pdb,0.92,Excellent (极好)
A0MTG4.pdb,0.92,Excellent (极好)
P24828.pdb,0.92,Excellent (极好)
Q59034.pdb,0.92,Excellent (极好)
D2D3B6.pdb,0.92,Excellent (极好)
G3MDB2.pdb,0.92,Excellent (极好)
Q96XT4.pdb,0.92,Excellent (极好)
A0A087D2Y1.pdb,0.92,Excellent (极好)
P38793.pdb,0.92,Excellent (极好)
E7FHC0.pdb,0.92,Excellent (极好)
A4YDR9.pdb,0.92,Excellent (极好)
Q939X3.pdb,0.92,Excellent (极好)
P0C2T6.pdb,0.92,Excellent (极好)
Q8GI16.pdb,0.92,Excellent (极好)
C4B644.pdb,0.92,Excellent (极好)
Q8EJM6.pdb,0.92,Excellent (极好)
Q9RGE6.pdb,0.92,Excellent (极好)
D1MX72.pdb,0.92,Excellent (极好)
O66932.pdb,0.92,Excellent (极好)
P43341.pdb,0.92,Excellent (极好)
D8X180.pdb,0.92,Excellent (极好)
Q89GR3.pdb,0.92,Excellent (极好)
F8G0M4.pdb,0.92,Excellent (极好)
B5ARZ9.pdb,0.92,Excellent (极好)
P9WQD9.pdb,0.92,Excellent (极好)
Q8NLB6.pdb,0.92,Excellent (极好)
Q7RYZ9.pdb,0.92,Excellent (极好)
P40332.pdb,0.92,Excellent (极好)
Q54801.pdb,0.92,Excellent (极好)
Q6L1T2.pdb,0.92,Excellent (极好)
Q9HIM3.pdb,0.92,Excellent (极好)
Q5V676.pdb,0.92,Excellent (极好)
O29985.pdb,0.92,Excellent (极好)
Q9UUB1.pdb,0.92,Excellent (极好)
Q836D9.pdb,0.92,Excellent (极好)
Q8IKP7.pdb,0.92,Excellent (极好)
D1MF29.pdb,0.92,Excellent (极好)
B8QHP1.pdb,0.92,Excellent (极好)
A1B9E3.pdb,0.92,Excellent (极好)
F8AEP0.pdb,0.92,Excellent (极好)
Q9HH09.pdb,0.92,Excellent (极好)
Q6KZT2.pdb,0.92,Excellent (极好)
B8DZM3.pdb,0.92,Excellent (极好)
Q9WYS1.pdb,0.92,Excellent (极好)
P9WNH5.pdb,0.92,Excellent (极好)
Q979W2.pdb,0.92,Excellent (极好)
I6TNE2.pdb,0.92,Excellent (极好)
Q76L37.pdb,0.92,Excellent (极好)
P25397.pdb,0.92,Excellent (极好)
D2Z028.pdb,0.92,Excellent (极好)
B8IP05.pdb,0.92,Excellent (极好)
Q9F1Y5.pdb,0.92,Excellent (极好)
W8CXQ9.pdb,0.92,Excellent (极好)
Q8U4Q8.pdb,0.92,Excellent (极好)
Q8ZYS2.pdb,0.92,Excellent (极好)
Q8TZW4.pdb,0.92,Excellent (极好)
B3TZD8.pdb,0.92,Excellent (极好)
P13717.pdb,0.92,Excellent (极好)
Q5SH52.pdb,0.92,Excellent (极好)
C8WMP0.pdb,0.92,Excellent (极好)
Q9HLV8.pdb,0.92,Excellent (极好)
A1C3J9.pdb,0.91,Excellent (极好)
P43133.pdb,0.91,Excellent (极好)
D9Q0R7.pdb,0.91,Excellent (极好)
P08017.pdb,0.91,Excellent (极好)
Q5GMP2.pdb,0.91,Excellent (极好)
Q97ZV2.pdb,0.91,Excellent (极好)
Q9HGR3.pdb,0.91,Excellent (极好)
Q8KTX6.pdb,0.91,Excellent (极好)
A5U4N0.pdb,0.91,Excellent (极好)
A0A1S5XVA5.pdb,0.91,Excellent (极好)
P9WN39.pdb,0.91,Excellent (极好)
Q9WXT2.pdb,0.91,Excellent (极好)
Q9HIL6.pdb,0.91,Excellent (极好)
P16467.pdb,0.91,Excellent (极好)
Q9HJW5.pdb,0.91,Excellent (极好)
E7CY70.pdb,0.91,Excellent (极好)
O93627.pdb,0.91,Excellent (极好)
O58802.pdb,0.91,Excellent (极好)
P9WG41.pdb,0.91,Excellent (极好)
Q9I596.pdb,0.91,Excellent (极好)
A9P7G3.pdb,0.91,Excellent (极好)
Q52UN2.pdb,0.91,Excellent (极好)
Q6XMT2.pdb,0.91,Excellent (极好)
A0A0F6WMX1.pdb,0.91,Excellent (极好)
A9P7G1.pdb,0.91,Excellent (极好)
Q02890.pdb,0.91,Excellent (极好)
P09979.pdb,0.91,Excellent (极好)
Q6WZB0.pdb,0.91,Excellent (极好)
B0I1V1.pdb,0.91,Excellent (极好)
Q74HL8.pdb,0.91,Excellent (极好)
G7H7Y1.pdb,0.91,Excellent (极好)
A0A0E0UUX4.pdb,0.91,Excellent (极好)
D5G304.pdb,0.91,Excellent (极好)
Q5S3L3.pdb,0.91,Excellent (极好)
F2X2G0.pdb,0.91,Excellent (极好)
Q8NIN8.pdb,0.91,Excellent (极好)
A8WBX8.pdb,0.91,Excellent (极好)
P00953.pdb,0.91,Excellent (极好)
A5HKP3.pdb,0.91,Excellent (极好)
Q96YN9.pdb,0.91,Excellent (极好)
Q82IV1.pdb,0.91,Excellent (极好)
B5Y6G0.pdb,0.91,Excellent (极好)
G3XCK6.pdb,0.91,Excellent (极好)
Q58999.pdb,0.91,Excellent (极好)
O59570.pdb,0.91,Excellent (极好)
P39116.pdb,0.91,Excellent (极好)
A8BIC5.pdb,0.91,Excellent (极好)
O58885.pdb,0.91,Excellent (极好)
Q975F9.pdb,0.91,Excellent (极好)
A9P7F5.pdb,0.91,Excellent (极好)
Q6L2X4.pdb,0.91,Excellent (极好)
P26236.pdb,0.91,Excellent (极好)
Q58597.pdb,0.91,Excellent (极好)
Q4J9M3.pdb,0.91,Excellent (极好)
Q9HVF1.pdb,0.91,Excellent (极好)
C1KKR1.pdb,0.91,Excellent (极好)
O58255.pdb,0.91,Excellent (极好)
F1CYZ6.pdb,0.91,Excellent (极好)
Q75UV1.pdb,0.91,Excellent (极好)
U3T2Y2.pdb,0.91,Excellent (极好)
A0A0K2E8F8.pdb,0.91,Excellent (极好)
D5KB61.pdb,0.91,Excellent (极好)
Q64214.pdb,0.91,Excellent (极好)
P46805.pdb,0.91,Excellent (极好)
P57706.pdb,0.91,Excellent (极好)
P0AC19.pdb,0.91,Excellent (极好)
Q6SZP8.pdb,0.91,Excellent (极好)
O05512.pdb,0.91,Excellent (极好)
A0A0H2X8L7.pdb,0.91,Excellent (极好)
Q0SJH2.pdb,0.91,Excellent (极好)
Q2UPZ7.pdb,0.91,Excellent (极好)
P37651.pdb,0.91,Excellent (极好)
E3VWI3.pdb,0.91,Excellent (极好)
O28046.pdb,0.91,Excellent (极好)
Q9WZC2.pdb,0.91,Excellent (极好)
A5W402.pdb,0.91,Excellent (极好)
Q8RJP5.pdb,0.91,Excellent (极好)
Q6WAT5.pdb,0.91,Excellent (极好)
P39476.pdb,0.91,Excellent (极好)
A8QYB2.pdb,0.91,Excellent (极好)
Q79FV4.pdb,0.91,Excellent (极好)
A0A0H4K9X4.pdb,0.91,Excellent (极好)
O59565.pdb,0.91,Excellent (极好)
D4GYE0.pdb,0.91,Excellent (极好)
A0A0M4UW33.pdb,0.91,Excellent (极好)
Q9HIA7.pdb,0.91,Excellent (极好)
Q875I9.pdb,0.91,Excellent (极好)
P17811.pdb,0.91,Excellent (极好)
Q8TZH9.pdb,0.91,Excellent (极好)
Q9XC59.pdb,0.91,Excellent (极好)
S6DXG7.pdb,0.91,Excellent (极好)
Q0ZR36.pdb,0.91,Excellent (极好)
H3ZMH8.pdb,0.91,Excellent (极好)
A8RG82.pdb,0.91,Excellent (极好)
P37025.pdb,0.91,Excellent (极好)
O65987.pdb,0.91,Excellent (极好)
Q9UXR8.pdb,0.91,Excellent (极好)
T2M1V1.pdb,0.91,Excellent (极好)
P74840.pdb,0.91,Excellent (极好)
A0R4I6.pdb,0.91,Excellent (极好)
Q2MJP5.pdb,0.91,Excellent (极好)
Q2TFW1.pdb,0.91,Excellent (极好)
Q9F0R5.pdb,0.91,Excellent (极好)
P75823.pdb,0.91,Excellent (极好)
Q1W5Y8.pdb,0.91,Excellent (极好)
G7DDC5.pdb,0.91,Excellent (极好)
Q5SM28.pdb,0.91,Excellent (极好)
O66036.pdb,0.91,Excellent (极好)
Q97WG4.pdb,0.91,Excellent (极好)
Q6F4N1.pdb,0.91,Excellent (极好)
A8WEG4.pdb,0.91,Excellent (极好)
Q6M0B9.pdb,0.91,Excellent (极好)
Q6Y0Z3.pdb,0.91,Excellent (极好)
D0EFL2.pdb,0.91,Excellent (极好)
Q208R5.pdb,0.91,Excellent (极好)
Q5H7M8.pdb,0.91,Excellent (极好)
Q9AJC6.pdb,0.91,Excellent (极好)
B1M5C5.pdb,0.91,Excellent (极好)
Q00012.pdb,0.91,Excellent (极好)
P0AEK4.pdb,0.91,Excellent (极好)
Q83XD3.pdb,0.91,Excellent (极好)
Q9APM5.pdb,0.91,Excellent (极好)
P40884.pdb,0.91,Excellent (极好)
Q0VPF8.pdb,0.91,Excellent (极好)
G3GCC6.pdb,0.91,Excellent (极好)
B1A4C4.pdb,0.91,Excellent (极好)
A0ZSY5.pdb,0.91,Excellent (极好)
O58762.pdb,0.91,Excellent (极好)
A9QXB4.pdb,0.91,Excellent (极好)
Q5UY95.pdb,0.91,Excellent (极好)
A1CRX0.pdb,0.91,Excellent (极好)
M0HXK1.pdb,0.91,Excellent (极好)
P95980.pdb,0.91,Excellent (极好)
Q7S3R5.pdb,0.91,Excellent (极好)
Q2Z1A8.pdb,0.91,Excellent (极好)
B3TMR8.pdb,0.91,Excellent (极好)
Q93I77.pdb,0.91,Excellent (极好)
Q56685.pdb,0.91,Excellent (极好)
P26281.pdb,0.91,Excellent (极好)
Q2QC88.pdb,0.91,Excellent (极好)
A9W9U6.pdb,0.91,Excellent (极好)
B5XMC3.pdb,0.91,Excellent (极好)
Q8ZIE7.pdb,0.91,Excellent (极好)
M4QNR9.pdb,0.91,Excellent (极好)
A6YJX1.pdb,0.91,Excellent (极好)
A9P7F6.pdb,0.91,Excellent (极好)
A4H990.pdb,0.91,Excellent (极好)
Q8A5V9.pdb,0.91,Excellent (极好)
W0PAN5.pdb,0.91,Excellent (极好)
A4F2S6.pdb,0.91,Excellent (极好)
P08594.pdb,0.91,Excellent (极好)
Q731C9.pdb,0.91,Excellent (极好)
P11542.pdb,0.91,Excellent (极好)
Q9HKT1.pdb,0.91,Excellent (极好)
A3DD67.pdb,0.91,Excellent (极好)
O59312.pdb,0.91,Excellent (极好)
D8X179.pdb,0.91,Excellent (极好)
Q6LZD3.pdb,0.91,Excellent (极好)
Q50I20.pdb,0.91,Excellent (极好)
O28579.pdb,0.91,Excellent (极好)
A7LVG6.pdb,0.91,Excellent (极好)
Q9X6R4.pdb,0.91,Excellent (极好)
O50134.pdb,0.91,Excellent (极好)
A9P7F7.pdb,0.91,Excellent (极好)
Q5BLZ6.pdb,0.91,Excellent (极好)
P95867.pdb,0.91,Excellent (极好)
Q8GLS8.pdb,0.91,Excellent (极好)
S0APF4.pdb,0.91,Excellent (极好)
P16497.pdb,0.91,Excellent (极好)
A0A0B4RUW2.pdb,0.91,Excellent (极好)
Q02896.pdb,0.91,Excellent (极好)
Q5YLC0.pdb,0.91,Excellent (极好)
A9P7F9.pdb,0.91,Excellent (极好)
A9P7G2.pdb,0.91,Excellent (极好)
A9P7F8.pdb,0.91,Excellent (极好)
Q56320.pdb,0.91,Excellent (极好)
Q8KBP5.pdb,0.91,Excellent (极好)
Q1W622.pdb,0.91,Excellent (极好)
O28344.pdb,0.91,Excellent (极好)
D0UHB3.pdb,0.91,Excellent (极好)
M1GRN3.pdb,0.91,Excellent (极好)
Q4DPR9.pdb,0.91,Excellent (极好)
S5S2B8.pdb,0.91,Excellent (极好)
P37093.pdb,0.91,Excellent (极好)
P94552.pdb,0.91,Excellent (极好)
Q5GMI6.pdb,0.91,Excellent (极好)
D9TT09.pdb,0.91,Excellent (极好)
Q5JFI4.pdb,0.91,Excellent (极好)
O66914.pdb,0.91,Excellent (极好)
Q8TZP8.pdb,0.91,Excellent (极好)
A4V929.pdb,0.91,Excellent (极好)
Q5SHZ3.pdb,0.91,Excellent (极好)
Q8U438.pdb,0.91,Excellent (极好)
O59355.pdb,0.91,Excellent (极好)
Q8PCR8.pdb,0.91,Excellent (极好)
B8Y1H0.pdb,0.91,Excellent (极好)
Q9ZEU2.pdb,0.91,Excellent (极好)
Q1XIQ8.pdb,0.91,Excellent (极好)
A0A0F7Q1T8.pdb,0.91,Excellent (极好)
Q97U96.pdb,0.91,Excellent (极好)
Q60FX6.pdb,0.91,Excellent (极好)
Q9ZAE1.pdb,0.91,Excellent (极好)
O05651.pdb,0.91,Excellent (极好)
Q7DC81.pdb,0.91,Excellent (极好)
P9WJ61.pdb,0.91,Excellent (极好)
B7UAM4.pdb,0.91,Excellent (极好)
Q5JHT1.pdb,0.91,Excellent (极好)
P0A8M3.pdb,0.91,Excellent (极好)
A0SWS4.pdb,0.91,Excellent (极好)
A0A0X1KHE6.pdb,0.91,Excellent (极好)
O27970.pdb,0.9,Good (良好)
P0A6I6.pdb,0.9,Excellent (极好)
Q9P381.pdb,0.9,Good (良好)
A7LKB0.pdb,0.9,Excellent (极好)
Q7LX61.pdb,0.9,Good (良好)
Q973W5.pdb,0.9,Excellent (极好)
V9NGQ2.pdb,0.9,Excellent (极好)
Q5WA30.pdb,0.9,Excellent (极好)
Q72JF6.pdb,0.9,Excellent (极好)
P0A9Q9.pdb,0.9,Excellent (极好)
P94494.pdb,0.9,Good (良好)
Q8NKS3.pdb,0.9,Good (良好)
B7UB89.pdb,0.9,Excellent (极好)
P9WMP9.pdb,0.9,Good (良好)
D6QST5.pdb,0.9,Excellent (极好)
Q0MVP3.pdb,0.9,Excellent (极好)
O30012.pdb,0.9,Excellent (极好)
A6G7B1.pdb,0.9,Good (良好)
B8DZQ9.pdb,0.9,Excellent (极好)
P07236.pdb,0.9,Excellent (极好)
Q8KTW9.pdb,0.9,Good (良好)
H8Y263.pdb,0.9,Good (良好)
Q9I6D1.pdb,0.9,Excellent (极好)
L7Z147.pdb,0.9,Good (良好)
A3FJ64.pdb,0.9,Good (良好)
P0A4E1.pdb,0.9,Excellent (极好)
Q9AIV2.pdb,0.9,Excellent (极好)
Q3IL66.pdb,0.9,Good (良好)
Q9I4X3.pdb,0.9,Excellent (极好)
Q56F26.pdb,0.9,Good (良好)
O52250.pdb,0.9,Good (良好)
M9QJD2.pdb,0.9,Good (良好)
Q7CWR3.pdb,0.9,Good (良好)
Q5CB51.pdb,0.9,Excellent (极好)
Q76L36.pdb,0.9,Excellent (极好)
A9CJL8.pdb,0.9,Excellent (极好)
P38298.pdb,0.9,Excellent (极好)
Q8EBE0.pdb,0.9,Good (良好)
Q9L6D3.pdb,0.9,Excellent (极好)
Q93CG9.pdb,0.9,Good (良好)
Q7B8C5.pdb,0.9,Good (良好)
Q6QF56.pdb,0.9,Excellent (极好)
P80857.pdb,0.9,Excellent (极好)
I0J1I6.pdb,0.9,Excellent (极好)
B5BNY1.pdb,0.9,Good (良好)
Q9I1X3.pdb,0.9,Excellent (极好)
Q97UI4.pdb,0.9,Excellent (极好)
A9BEU2.pdb,0.9,Excellent (极好)
P9WMW5.pdb,0.9,Excellent (极好)
Q9S3M0.pdb,0.9,Excellent (极好)
D1MX70.pdb,0.9,Good (良好)
Q88S84.pdb,0.9,Good (良好)
Q76M76.pdb,0.9,Good (良好)
Q88B90.pdb,0.9,Good (良好)
P43889.pdb,0.9,Excellent (极好)
Q01693.pdb,0.9,Excellent (极好)
Q8RJA0.pdb,0.9,Good (良好)
Q9F657.pdb,0.9,Good (良好)
Q0R5R5.pdb,0.9,Good (良好)
C0JP82.pdb,0.9,Good (良好)
Q06069.pdb,0.9,Good (良好)
C7C437.pdb,0.9,Excellent (极好)
O29634.pdb,0.9,Excellent (极好)
Q9S3U8.pdb,0.9,Excellent (极好)
A9J246.pdb,0.9,Good (良好)
Q59Q46.pdb,0.9,Good (良好)
Q8KTX0.pdb,0.9,Excellent (极好)
Q8TLW1.pdb,0.9,Good (良好)
E0X4B3.pdb,0.9,Good (良好)
O67625.pdb,0.9,Good (良好)
A5U8X0.pdb,0.9,Excellent (极好)
Q9WZ49.pdb,0.9,Good (良好)
A7LCL1.pdb,0.9,Good (良好)
A5IMX7.pdb,0.9,Excellent (极好)
P15565.pdb,0.9,Good (良好)
C4M387.pdb,0.9,Good (良好)
P11544.pdb,0.9,Good (良好)
Q0ZS18.pdb,0.9,Excellent (极好)
A0LT86.pdb,0.9,Good (良好)
Q9KPJ7.pdb,0.9,Good (良好)
O26253.pdb,0.9,Good (良好)
Q8P9S0.pdb,0.9,Good (良好)
Q8J0Q0.pdb,0.9,Good (良好)
C3UVB0.pdb,0.9,Excellent (极好)
Q9X0D0.pdb,0.9,Good (良好)
A3DM60.pdb,0.9,Good (良好)
Q2QFX1.pdb,0.9,Good (良好)
A3DEX4.pdb,0.9,Excellent (极好)
P44805.pdb,0.9,Excellent (极好)
P22984.pdb,0.9,Good (良好)
Q97LM4.pdb,0.9,Excellent (极好)
P51852.pdb,0.9,Good (良好)
H2EIY3.pdb,0.9,Excellent (极好)
O59445.pdb,0.9,Excellent (极好)
W8CQB2.pdb,0.9,Excellent (极好)
Q5SI82.pdb,0.9,Good (良好)
Q9XB60.pdb,0.9,Good (良好)
Q50539.pdb,0.9,Good (良好)
Q65KZ6.pdb,0.9,Good (良好)
Q96VF5.pdb,0.9,Excellent (极好)
Q97UI1.pdb,0.9,Excellent (极好)
B9WCR8.pdb,0.9,Excellent (极好)
Q9LBW5.pdb,0.9,Excellent (极好)
Q8X1C7.pdb,0.9,Excellent (极好)
P50465.pdb,0.9,Excellent (极好)
Q5F809.pdb,0.9,Excellent (极好)
P9WJA1.pdb,0.9,Good (良好)
C0JP83.pdb,0.9,Good (良好)
M1JUH6.pdb,0.9,Good (良好)
Q1MW86.pdb,0.9,Excellent (极好)
A1U3L3.pdb,0.9,Good (良好)
Q9LCT3.pdb,0.9,Good (良好)
C4R4L0.pdb,0.9,Good (良好)
B2RKU0.pdb,0.9,Good (良好)
D6BU29.pdb,0.9,Excellent (极好)
Q9S467.pdb,0.9,Good (良好)
Q8U022.pdb,0.9,Excellent (极好)
Q5LVM3.pdb,0.9,Good (良好)
D2C716.pdb,0.9,Excellent (极好)
Q5UFR5.pdb,0.9,Good (良好)
Q04HB7.pdb,0.9,Excellent (极好)
O43097.pdb,0.9,Excellent (极好)
Q9RST7.pdb,0.9,Good (良好)
D6XUS4.pdb,0.9,Good (良好)
Q97VZ8.pdb,0.9,Good (良好)
O59147.pdb,0.9,Good (良好)
Q9UXF6.pdb,0.9,Good (良好)
O93838.pdb,0.9,Good (良好)
A4URQ8.pdb,0.9,Excellent (极好)
Q9UUY8.pdb,0.9,Good (良好)
Q97W25.pdb,0.9,Excellent (极好)
Q75UV6.pdb,0.9,Good (良好)
Q9UWF8.pdb,0.9,Excellent (极好)
Q7BPB0.pdb,0.9,Excellent (极好)
Q5JJ59.pdb,0.9,Good (良好)
A3MTW6.pdb,0.9,Good (良好)
O57963.pdb,0.9,Excellent (极好)
O83522.pdb,0.9,Good (良好)
Q9V1F9.pdb,0.9,Good (良好)
Q3LB11.pdb,0.9,Excellent (极好)
A0A8W8.pdb,0.9,Excellent (极好)
B3VPB2.pdb,0.9,Good (良好)
O67379.pdb,0.9,Good (良好)
B1PT66.pdb,0.9,Excellent (极好)
H9N289.pdb,0.9,Excellent (极好)
Q8RPW6.pdb,0.9,Good (良好)
B6YX36.pdb,0.9,Excellent (极好)
A8D0T0.pdb,0.9,Good (良好)
Q8KTW6.pdb,0.9,Good (良好)
A2QL72.pdb,0.9,Good (良好)
Q95PK9.pdb,0.9,Good (良好)
P62426.pdb,0.9,Good (良好)
P35809.pdb,0.9,Good (良好)
Q7B8C3.pdb,0.9,Good (良好)
P9WP79.pdb,0.9,Excellent (极好)
Q9EUT9.pdb,0.9,Excellent (极好)
Q8NMD5.pdb,0.9,Excellent (极好)
P42941.pdb,0.9,Excellent (极好)
A0A0J9X283.pdb,0.9,Good (良好)
B4XEY3.pdb,0.9,Good (良好)
A8PYK0.pdb,0.9,Good (良好)
Q8NKS5.pdb,0.9,Good (良好)
P17618.pdb,0.9,Excellent (极好)
Q58517.pdb,0.9,Excellent (极好)
A6P7M9.pdb,0.9,Excellent (极好)
Q96VT0.pdb,0.9,Excellent (极好)
P9WKD7.pdb,0.9,Excellent (极好)
Q96Y68.pdb,0.9,Excellent (极好)
C1DSW3.pdb,0.9,Excellent (极好)
Q8GI14.pdb,0.9,Good (良好)
A9BHJ0.pdb,0.9,Good (良好)
Q1J0Z5.pdb,0.9,Excellent (极好)
P9WG49.pdb,0.9,Excellent (极好)
G5ADV1.pdb,0.9,Excellent (极好)
B0FSQ0.pdb,0.9,Excellent (极好)
Q72IH5.pdb,0.9,Good (良好)
C0LZ63.pdb,0.9,Excellent (极好)
Q8KTX1.pdb,0.9,Good (良好)
Q3T5M2.pdb,0.9,Good (良好)
Q1K5M0.pdb,0.9,Good (良好)
Q76EV4.pdb,0.89,Good (良好)
P23316.pdb,0.89,Good (良好)
Q8J2Z5.pdb,0.89,Good (良好)
Q84H44.pdb,0.89,Good (良好)
Q970Z7.pdb,0.89,Good (良好)
P06278.pdb,0.89,Good (良好)
Q3S401.pdb,0.89,Good (良好)
Q9WZJ3.pdb,0.89,Good (良好)
A0A0P0UPC6.pdb,0.89,Good (良好)
Q9RP48.pdb,0.89,Good (良好)
Q973G3.pdb,0.89,Good (良好)
Q57878.pdb,0.89,Good (良好)
Q75P26.pdb,0.89,Good (良好)
F9UMI7.pdb,0.89,Good (良好)
G1UII1.pdb,0.89,Good (良好)
C4PG45.pdb,0.89,Good (良好)
Q75V72.pdb,0.89,Good (良好)
B3VPB3.pdb,0.89,Good (良好)
K7T9D9.pdb,0.89,Good (良好)
I3XLC2.pdb,0.89,Good (良好)
Q9FAF8.pdb,0.89,Good (良好)
P96155.pdb,0.89,Good (良好)
Q88K54.pdb,0.89,Good (良好)
P45723.pdb,0.89,Good (良好)
Q257D4.pdb,0.89,Good (良好)
Q9K1F1.pdb,0.89,Good (良好)
P25297.pdb,0.89,Good (良好)
O58231.pdb,0.89,Good (良好)
O50660.pdb,0.89,Good (良好)
Q81JK4.pdb,0.89,Good (良好)
P21437.pdb,0.89,Good (良好)
A9U908.pdb,0.89,Good (良好)
A0A286JZ72.pdb,0.89,Good (良好)
P61879.pdb,0.89,Good (良好)
Q5XPL5.pdb,0.89,Good (良好)
Q2XNL6.pdb,0.89,Good (良好)
P25539.pdb,0.89,Good (良好)
P0CD66.pdb,0.89,Good (良好)
P24215.pdb,0.89,Good (良好)
Q6F494.pdb,0.89,Good (良好)
F2Z6G7.pdb,0.89,Good (良好)
A0A2C9EVE6.pdb,0.89,Good (良好)
B3EY95.pdb,0.89,Good (良好)
Q8KTW5.pdb,0.89,Good (良好)
A0JC76.pdb,0.89,Good (良好)
Q6BDD5.pdb,0.89,Good (良好)
P00363.pdb,0.89,Good (良好)
G8XQY5.pdb,0.89,Good (良好)
A8Q3I7.pdb,0.89,Good (良好)
Q7WUI6.pdb,0.89,Good (良好)
Q4DZJ3.pdb,0.89,Good (良好)
Q9Y763.pdb,0.89,Good (良好)
P9WMN3.pdb,0.89,Good (良好)
Q9X839.pdb,0.89,Good (良好)
Q73Y99.pdb,0.89,Good (良好)
Q6WSQ4.pdb,0.89,Good (良好)
O29786.pdb,0.89,Good (良好)
Q47R94.pdb,0.89,Good (良好)
Q81K34.pdb,0.89,Good (良好)
B2CML6.pdb,0.89,Good (良好)
Q65J10.pdb,0.89,Good (良好)
Q8TFE5.pdb,0.89,Good (良好)
S0ENM8.pdb,0.89,Good (良好)
Q9FDV9.pdb,0.89,Good (良好)
D6EQU8.pdb,0.89,Good (良好)
O85057.pdb,0.89,Good (良好)
P43408.pdb,0.89,Good (良好)
Q939C9.pdb,0.89,Good (良好)
Q9RN49.pdb,0.89,Good (良好)
P42588.pdb,0.89,Good (良好)
Q75ZW9.pdb,0.89,Good (良好)
E2GDF4.pdb,0.89,Good (良好)
Q8NU98.pdb,0.89,Good (良好)
C6L823.pdb,0.89,Good (良好)
Q8KTW4.pdb,0.89,Good (良好)
Q5JDJ7.pdb,0.89,Good (良好)
Q9AL99.pdb,0.89,Good (良好)
Q9Y7X5.pdb,0.89,Good (良好)
Q077R2.pdb,0.89,Good (良好)
A9KM56.pdb,0.89,Good (良好)
D5FKJ3.pdb,0.89,Good (良好)
Q4K423.pdb,0.89,Good (良好)
Q6C5L8.pdb,0.89,Good (良好)
Q93KD6.pdb,0.89,Good (良好)
P63479.pdb,0.89,Good (良好)
O59601.pdb,0.89,Good (良好)
Q93RE1.pdb,0.89,Good (良好)
G4I5P8.pdb,0.89,Good (良好)
A8AA25.pdb,0.89,Good (良好)
E8MGH8.pdb,0.89,Good (良好)
G0TES6.pdb,0.89,Good (良好)
C4M5H3.pdb,0.89,Good (良好)
Q9AF93.pdb,0.89,Good (良好)
Q9RFR0.pdb,0.89,Good (良好)
P0A8Z0.pdb,0.89,Good (良好)
Q5JIZ5.pdb,0.89,Good (良好)
D5LIR7.pdb,0.89,Good (良好)
Q97DP6.pdb,0.89,Good (良好)
Q9HYA4.pdb,0.89,Good (良好)
O66844.pdb,0.89,Good (良好)
Q97YV9.pdb,0.89,Good (良好)
Q56R01.pdb,0.89,Good (良好)
Q50755.pdb,0.89,Good (良好)
A4YGR1.pdb,0.89,Good (良好)
Q5CD72.pdb,0.89,Good (良好)
Q9HX42.pdb,0.89,Good (良好)
E3SVS0.pdb,0.89,Good (良好)
Q01738.pdb,0.89,Good (良好)
A0A0A0R2Z1.pdb,0.89,Good (良好)
P07788.pdb,0.89,Good (良好)
Q841V6.pdb,0.89,Good (良好)
M5DDN2.pdb,0.89,Good (良好)
Q5B7X2.pdb,0.89,Good (良好)
Q8KTW8.pdb,0.89,Good (良好)
D0KN27.pdb,0.89,Good (良好)
C7F6Y1.pdb,0.89,Good (良好)
B1VBB0.pdb,0.89,Good (良好)
P10478.pdb,0.89,Good (良好)
P0ADI4.pdb,0.89,Good (良好)
Q8DL82.pdb,0.89,Good (良好)
Q5JIZ8.pdb,0.89,Good (良好)
Q3IF07.pdb,0.89,Good (良好)
Q6T9Z6.pdb,0.89,Good (良好)
P61502.pdb,0.89,Good (良好)
Q57609.pdb,0.89,Good (良好)
Q9C1V4.pdb,0.89,Good (良好)
F8S123.pdb,0.89,Good (良好)
C1L335.pdb,0.89,Good (良好)
Q1EM71.pdb,0.89,Good (良好)
A0A0K2X0F2.pdb,0.89,Good (良好)
Q65CX5.pdb,0.89,Good (良好)
I7MAL0.pdb,0.89,Good (良好)
Q8FRJ4.pdb,0.89,Good (良好)
Q97VD6.pdb,0.89,Good (良好)
S5R9V1.pdb,0.89,Good (良好)
O74634.pdb,0.89,Good (良好)
Q9I492.pdb,0.89,Good (良好)
Q51844.pdb,0.89,Good (良好)
P34752.pdb,0.89,Good (良好)
Q2VMT2.pdb,0.89,Good (良好)
K4L7X3.pdb,0.89,Good (良好)
F5CI28.pdb,0.89,Good (良好)
Q97ZF9.pdb,0.89,Good (良好)
Q7A6P2.pdb,0.89,Good (良好)
P23971.pdb,0.89,Good (良好)
Q7SFB0.pdb,0.89,Good (良好)
A0A191KCR0.pdb,0.89,Good (良好)
Q9HKZ0.pdb,0.89,Good (良好)
C6KID9.pdb,0.89,Good (良好)
A0A1B2F298.pdb,0.89,Good (良好)
Q8J1V6.pdb,0.89,Good (良好)
Q2I0L7.pdb,0.89,Good (良好)
Q9L555.pdb,0.89,Good (良好)
S5RVR8.pdb,0.89,Good (良好)
Q8DNE6.pdb,0.89,Good (良好)
O05268.pdb,0.89,Good (良好)
B7J413.pdb,0.89,Good (良好)
P17411.pdb,0.89,Good (良好)
P35021.pdb,0.89,Good (良好)
A8YGS2.pdb,0.89,Good (良好)
P75898.pdb,0.89,Good (良好)
P00962.pdb,0.89,Good (良好)
Q8ILF7.pdb,0.89,Good (良好)
M5AIH9.pdb,0.89,Good (良好)
E9KLD9.pdb,0.89,Good (良好)
I3RYX9.pdb,0.89,Good (良好)
Q58822.pdb,0.89,Good (良好)
Q381M1.pdb,0.88,Good (良好)
P0C1A2.pdb,0.88,Good (良好)
P15636.pdb,0.88,Good (良好)
Q06HA3.pdb,0.88,Good (良好)
Q8A8Y4.pdb,0.88,Good (良好)
P76558.pdb,0.88,Good (良好)
Q2V984.pdb,0.88,Good (良好)
Q9XB14.pdb,0.88,Good (良好)
I6P4V6.pdb,0.88,Good (良好)
Q8KTW7.pdb,0.88,Good (良好)
P47180.pdb,0.88,Good (良好)
Q8TZW1.pdb,0.88,Good (良好)
Q973W9.pdb,0.88,Good (良好)
Q7B8C2.pdb,0.88,Good (良好)
A7U7M0.pdb,0.88,Good (良好)
A2R4V5.pdb,0.88,Good (良好)
E6UBR9.pdb,0.88,Good (良好)
Q8X8S5.pdb,0.88,Good (良好)
D3RXI0.pdb,0.88,Good (良好)
Q7ZA57.pdb,0.88,Good (良好)
H8WR05.pdb,0.88,Good (良好)
Q6EMJ3.pdb,0.88,Good (良好)
Q971K2.pdb,0.88,Good (良好)
Q5APF3.pdb,0.88,Good (良好)
F8WPI4.pdb,0.88,Good (良好)
Q97U27.pdb,0.88,Good (良好)
Q72K16.pdb,0.88,Good (良好)
Q9CID5.pdb,0.88,Good (良好)
A2QR21.pdb,0.88,Good (良好)
Q8RPW5.pdb,0.88,Good (良好)
Q97U94.pdb,0.88,Good (良好)
B1A7S3.pdb,0.88,Good (良好)
Q59478.pdb,0.88,Good (良好)
A9BPK4.pdb,0.88,Good (良好)
B7XBM0.pdb,0.88,Good (良好)
Q2I6W5.pdb,0.88,Good (良好)
Q8TZL5.pdb,0.88,Good (良好)
B0V8W9.pdb,0.88,Good (良好)
Q7B8C1.pdb,0.88,Good (良好)
A0A0N9HMW6.pdb,0.88,Good (良好)
Q972I2.pdb,0.88,Good (良好)
F5B9B9.pdb,0.88,Good (良好)
B1PHD1.pdb,0.88,Good (良好)
P9WK21.pdb,0.88,Good (良好)
O66837.pdb,0.88,Good (良好)
Q72G76.pdb,0.88,Good (良好)
G1JRK8.pdb,0.88,Good (良好)
O28538.pdb,0.88,Good (良好)
Q756Z6.pdb,0.88,Good (良好)
Q46VA0.pdb,0.88,Good (良好)
Q93MQ1.pdb,0.88,Good (良好)
Q9HHC4.pdb,0.88,Good (良好)
A4GXA0.pdb,0.88,Good (良好)
Q9CE95.pdb,0.88,Good (良好)
B8E1U6.pdb,0.88,Good (良好)
Q8KI79.pdb,0.88,Good (良好)
Q9V011.pdb,0.88,Good (良好)
B6JVL2.pdb,0.88,Good (良好)
Q08224.pdb,0.88,Good (良好)
D0VYQ9.pdb,0.88,Good (良好)
Q9P8F7.pdb,0.88,Good (良好)
A0A2H4QH72.pdb,0.88,Good (良好)
B2Z3P7.pdb,0.88,Good (良好)
P30920.pdb,0.88,Good (良好)
Q9YGB0.pdb,0.88,Good (良好)
Q5JIZ3.pdb,0.88,Good (良好)
L8B068.pdb,0.88,Good (良好)
Q153J0.pdb,0.88,Good (良好)
Q3BEM2.pdb,0.88,Good (良好)
P77846.pdb,0.88,Good (良好)
P28629.pdb,0.88,Good (良好)
Q97WW0.pdb,0.88,Good (良好)
Q8TWU6.pdb,0.88,Good (良好)
C4B6T1.pdb,0.88,Good (良好)
Q96YZ3.pdb,0.88,Good (良好)
P0A9C9.pdb,0.88,Good (良好)
P9WMY3.pdb,0.88,Good (良好)
P9WJN3.pdb,0.88,Good (良好)
Q875J3.pdb,0.88,Good (良好)
C0H4F3.pdb,0.88,Good (良好)
P18209.pdb,0.88,Good (良好)
Q6F936.pdb,0.88,Good (良好)
B5LX62.pdb,0.88,Good (良好)
P0C0G6.pdb,0.88,Good (良好)
Q9RWN5.pdb,0.88,Good (良好)
I6Z823.pdb,0.88,Good (良好)
A0A0S3WYP3.pdb,0.88,Good (良好)
Q6PLI2.pdb,0.88,Good (良好)
D8KIT5.pdb,0.88,Good (良好)
Q9P9H4.pdb,0.88,Good (良好)
Q4ZV08.pdb,0.88,Good (良好)
C4PG47.pdb,0.88,Good (良好)
Q9L9F1.pdb,0.88,Good (良好)
B9A1J7.pdb,0.88,Good (良好)
P39460.pdb,0.88,Good (良好)
Q4QE75.pdb,0.88,Good (良好)
D3JV03.pdb,0.88,Good (良好)
B3PM23.pdb,0.88,Good (良好)
Q5Z1T5.pdb,0.88,Good (良好)
Q4U3E8.pdb,0.88,Good (良好)
P41903.pdb,0.88,Good (良好)
Q8IJ32.pdb,0.88,Good (良好)
Q7B8C4.pdb,0.88,Good (良好)
F9VN39.pdb,0.88,Good (良好)
O42729.pdb,0.88,Good (良好)
Q0ASS9.pdb,0.88,Good (良好)
Q57635.pdb,0.88,Good (良好)
Q8J0K7.pdb,0.88,Good (良好)
Q8DVH2.pdb,0.88,Good (良好)
Q97V26.pdb,0.88,Good (良好)
Q9WXN1.pdb,0.88,Good (良好)
Q9UWY8.pdb,0.88,Good (良好)
Q58HN1.pdb,0.88,Good (良好)
S4TYB2.pdb,0.88,Good (良好)
I3QNS8.pdb,0.88,Good (良好)
A0A0P1IZI1.pdb,0.88,Good (良好)
Q5XNQ9.pdb,0.88,Good (良好)
C7F8M0.pdb,0.88,Good (良好)
G8FL60.pdb,0.88,Good (良好)
Q5CYP8.pdb,0.88,Good (良好)
Q97WB7.pdb,0.88,Good (良好)
Q81K97.pdb,0.88,Good (良好)
Q7LXP1.pdb,0.88,Good (良好)
G2QVH7.pdb,0.88,Good (良好)
P28999.pdb,0.88,Good (良好)
Q01651.pdb,0.88,Good (良好)
Q2XQ11.pdb,0.88,Good (良好)
Q5JD38.pdb,0.88,Good (良好)
P11350.pdb,0.88,Good (良好)
H6WSA2.pdb,0.87,Good (良好)
Q8IEG9.pdb,0.87,Good (良好)
Q9KJ20.pdb,0.87,Good (良好)
Q5AJZ3.pdb,0.87,Good (良好)
A0A172SZR2.pdb,0.87,Good (良好)
Q9K2V8.pdb,0.87,Good (良好)
P14930.pdb,0.87,Good (良好)
B7VFD0.pdb,0.87,Good (良好)
P95231.pdb,0.87,Good (良好)
Q97X08.pdb,0.87,Good (良好)
C4MH58.pdb,0.87,Good (良好)
O52766.pdb,0.87,Good (良好)
M1WA41.pdb,0.87,Good (良好)
A9YZX5.pdb,0.87,Good (良好)
P49017.pdb,0.87,Good (良好)
B1VB65.pdb,0.87,Good (良好)
Q8NMT0.pdb,0.87,Good (良好)
Q9AHJ8.pdb,0.87,Good (良好)
O59025.pdb,0.87,Good (良好)
Q0ZS22.pdb,0.87,Good (良好)
Q0PQY8.pdb,0.87,Good (良好)
Q50403.pdb,0.87,Good (良好)
A3E7Z6.pdb,0.87,Good (良好)
Q8U0Z6.pdb,0.87,Good (良好)
Q9WZ19.pdb,0.87,Good (良好)
Q8PUQ1.pdb,0.87,Good (良好)
B8YPW8.pdb,0.87,Good (良好)
P51697.pdb,0.87,Good (良好)
Q6W7J7.pdb,0.87,Good (良好)
Q9HH07.pdb,0.87,Good (良好)
Q81X74.pdb,0.87,Good (良好)
Q0ZS25.pdb,0.87,Good (良好)
A5YRG4.pdb,0.87,Good (良好)
A1R2C3.pdb,0.87,Good (良好)
A4YGF9.pdb,0.87,Good (良好)
I3QNT4.pdb,0.87,Good (良好)
S5M3K7.pdb,0.87,Good (良好)
Q4VRV8.pdb,0.87,Good (良好)
Q97D83.pdb,0.87,Good (良好)
Q9KWL6.pdb,0.87,Good (良好)
O67203.pdb,0.87,Good (良好)
D7GXG0.pdb,0.87,Good (良好)
P23495.pdb,0.87,Good (良好)
Q6YNE9.pdb,0.87,Good (良好)
O34425.pdb,0.87,Good (良好)
I3QNT0.pdb,0.87,Good (良好)
P53848.pdb,0.87,Good (良好)
G0Y287.pdb,0.87,Good (良好)
P43478.pdb,0.87,Good (良好)
Q3BJY5.pdb,0.87,Good (良好)
P33284.pdb,0.87,Good (良好)
D1MX66.pdb,0.87,Good (良好)
P39581.pdb,0.87,Good (良好)
P9WNX5.pdb,0.87,Good (良好)
A9CL08.pdb,0.87,Good (良好)
P07524.pdb,0.87,Good (良好)
E2GHW5.pdb,0.87,Good (良好)
I3PML9.pdb,0.87,Good (良好)
O51799.pdb,0.87,Good (良好)
D2DMF3.pdb,0.87,Good (良好)
Q9AT27.pdb,0.87,Good (良好)
A4YGC7.pdb,0.87,Good (良好)
A7L6C9.pdb,0.87,Good (良好)
H2ESB9.pdb,0.87,Good (良好)
Q6UN40.pdb,0.87,Good (良好)
P19531.pdb,0.87,Good (良好)
G5D7B5.pdb,0.87,Good (良好)
Q9HEM6.pdb,0.87,Good (良好)
B1YBY6.pdb,0.87,Good (良好)
Q4U1A6.pdb,0.87,Good (良好)
A5IL44.pdb,0.87,Good (良好)
Q76KX0.pdb,0.87,Good (良好)
P04830.pdb,0.87,Good (良好)
Q6UB73.pdb,0.87,Good (良好)
I3QNT2.pdb,0.87,Good (良好)
B2ZAA4.pdb,0.87,Good (良好)
Q9SDW9.pdb,0.87,Good (良好)
A0A059Q746.pdb,0.87,Good (良好)
E7FKF4.pdb,0.87,Good (良好)
P9WQN9.pdb,0.87,Good (良好)
P31797.pdb,0.87,Good (良好)
Q93RU6.pdb,0.87,Good (良好)
I3QNT6.pdb,0.87,Good (良好)
A4I213.pdb,0.87,Good (良好)
B3VA59.pdb,0.87,Good (良好)
I7CKJ5.pdb,0.87,Good (良好)
Q5AZ53.pdb,0.87,Good (良好)
Q7KF27.pdb,0.87,Good (良好)
A0A168KIJ9.pdb,0.87,Good (良好)
Q8EEB1.pdb,0.87,Good (良好)
O33830.pdb,0.87,Good (良好)
P56744.pdb,0.87,Good (良好)
B5SU85.pdb,0.87,Good (良好)
B1VC16.pdb,0.87,Good (良好)
A2R1N3.pdb,0.87,Good (良好)
Q6UV28.pdb,0.87,Good (良好)
Q1GY13.pdb,0.87,Good (良好)
Q7URP0.pdb,0.87,Good (良好)
Q9HKT2.pdb,0.87,Good (良好)
Q59495.pdb,0.87,Good (良好)
Q4ZH57.pdb,0.87,Good (良好)
Q6F4N4.pdb,0.87,Good (良好)
Q3S559.pdb,0.87,Good (良好)
Q9YDW0.pdb,0.87,Good (良好)
Q949J1.pdb,0.87,Good (良好)
B0FLN6.pdb,0.87,Good (良好)
Q8TQP8.pdb,0.87,Good (良好)
A8CFB7.pdb,0.87,Good (良好)
B5L3F2.pdb,0.87,Good (良好)
Q9S434.pdb,0.87,Good (良好)
O30126.pdb,0.87,Good (良好)
Q969A8.pdb,0.86,Good (良好)
A0A069AW73.pdb,0.86,Good (良好)
X5DQW0.pdb,0.86,Good (良好)
Q8GQP8.pdb,0.86,Good (良好)
G5ELA4.pdb,0.86,Good (良好)
D3HIF3.pdb,0.86,Good (良好)
H5ZXI1.pdb,0.86,Good (良好)
Q9X4N0.pdb,0.86,Good (良好)
Q8A8X4.pdb,0.86,Good (良好)
Q2WCS9.pdb,0.86,Good (良好)
D2SZY5.pdb,0.86,Good (良好)
P31658.pdb,0.86,Good (良好)
Q5JH57.pdb,0.86,Good (良好)
P33677.pdb,0.86,Good (良好)
Q53I75.pdb,0.86,Good (良好)
Q3HW35.pdb,0.86,Good (良好)
Q96VP5.pdb,0.86,Good (良好)
Q3LGA9.pdb,0.86,Good (良好)
P06279.pdb,0.86,Good (良好)
B8YM30.pdb,0.86,Good (良好)
O50325.pdb,0.86,Good (良好)
Q5W9U0.pdb,0.86,Good (良好)
C7G3B8.pdb,0.86,Good (良好)
C0JBW5.pdb,0.86,Good (良好)
O59072.pdb,0.86,Good (良好)
A8CBH8.pdb,0.86,Good (良好)
Q1H8W8.pdb,0.86,Good (良好)
P54419.pdb,0.86,Good (良好)
B9K760.pdb,0.86,Good (良好)
Q8I2B1.pdb,0.86,Good (良好)
O34360.pdb,0.86,Good (良好)
P26827.pdb,0.86,Good (良好)
Q9YE85.pdb,0.86,Good (良好)
F6KV61.pdb,0.86,Good (良好)
P9WI71.pdb,0.86,Good (良好)
Q9K5E4.pdb,0.86,Good (良好)
J7GQ11.pdb,0.86,Good (良好)
A0A0B5GQL6.pdb,0.86,Good (良好)
O53444.pdb,0.86,Good (良好)
Q8U0Z7.pdb,0.86,Good (良好)
A6LKE9.pdb,0.86,Good (良好)
A5JZ19.pdb,0.86,Good (良好)
Q82L49.pdb,0.86,Good (良好)
Q56265.pdb,0.86,Good (良好)
O66680.pdb,0.86,Good (良好)
H8F9Y0.pdb,0.86,Good (良好)
F1CMY8.pdb,0.86,Good (良好)
Q7X0P2.pdb,0.86,Good (良好)
E7DXB6.pdb,0.86,Good (良好)
Q97YI8.pdb,0.86,Good (良好)
Q59328.pdb,0.86,Good (良好)
B1PHD2.pdb,0.86,Good (良好)
Q5LSN8.pdb,0.86,Good (良好)
O00085.pdb,0.86,Good (良好)
Q643C8.pdb,0.86,Good (良好)
Q79ZT3.pdb,0.86,Good (良好)
P75713.pdb,0.86,Good (良好)
Q3MFY8.pdb,0.86,Good (良好)
W1Q801.pdb,0.86,Good (良好)
Q9KJ22.pdb,0.86,Good (良好)
A0EJ12.pdb,0.86,Good (良好)
H1AE12.pdb,0.86,Good (良好)
Q8KXD2.pdb,0.86,Good (良好)
A7LB47.pdb,0.86,Good (良好)
E1V913.pdb,0.86,Good (良好)
P32783.pdb,0.86,Good (良好)
P30925.pdb,0.86,Good (良好)
Q57936.pdb,0.86,Good (良好)
A2GH85.pdb,0.86,Good (良好)
Q21KE5.pdb,0.86,Good (良好)
W8QRE4.pdb,0.86,Good (良好)
Q8GQE7.pdb,0.86,Good (良好)
Q8GRC8.pdb,0.86,Good (良好)
B0F411.pdb,0.86,Good (良好)
Q2URT3.pdb,0.86,Good (良好)
D3YBH2.pdb,0.86,Good (良好)
A4XHV7.pdb,0.86,Good (良好)
T2M2J4.pdb,0.86,Good (良好)
Q83WC4.pdb,0.86,Good (良好)
L0CM48.pdb,0.86,Good (良好)
X5JA14.pdb,0.86,Good (良好)
Q4KCY5.pdb,0.86,Good (良好)
A7E948.pdb,0.86,Good (良好)
A0A1R1AUM9.pdb,0.86,Good (良好)
C8CCV9.pdb,0.86,Good (良好)
Q4Q0M0.pdb,0.85,Good (良好)
Q3AEU2.pdb,0.85,Good (良好)
A3FJ49.pdb,0.85,Good (良好)
C9K502.pdb,0.85,Good (良好)
P27514.pdb,0.85,Good (良好)
O35002.pdb,0.85,Good (良好)
Q8U0Z8.pdb,0.85,Good (良好)
B0JDP9.pdb,0.85,Good (良好)
O42783.pdb,0.85,Good (良好)
Q4CVA1.pdb,0.85,Good (良好)
Q0KB75.pdb,0.85,Good (良好)
A0A0M4S9Q1.pdb,0.85,Good (良好)
B1ZU21.pdb,0.85,Good (良好)
Q58247.pdb,0.85,Good (良好)
D8IS59.pdb,0.85,Good (良好)
Q03084.pdb,0.85,Good (良好)
O34767.pdb,0.85,Good (良好)
Q70GL3.pdb,0.85,Good (良好)
Q2FUA9.pdb,0.85,Good (良好)
Q93HU3.pdb,0.85,Good (良好)
Q2PCE3.pdb,0.85,Good (良好)
Q7UIS7.pdb,0.85,Good (良好)
Q49422.pdb,0.85,Good (良好)
A4Q8H0.pdb,0.85,Good (良好)
Q8U3K2.pdb,0.85,Good (良好)
Q97YG7.pdb,0.85,Good (良好)
Q8J0S3.pdb,0.85,Good (良好)
A0A0N7E7X2.pdb,0.85,Good (良好)
Q93NG1.pdb,0.85,Good (良好)
B2ZFM0.pdb,0.85,Good (良好)
P0A776.pdb,0.85,Good (良好)
A0A2D3HJ61.pdb,0.85,Good (良好)
Q8RR52.pdb,0.85,Good (良好)
Q5V9S2.pdb,0.85,Good (良好)
Q99321.pdb,0.85,Good (良好)
Q50EL0.pdb,0.85,Good (良好)
F8U969.pdb,0.85,Good (良好)
P11935.pdb,0.85,Good (良好)
Q0ZS26.pdb,0.85,Good (良好)
B6EPH0.pdb,0.85,Good (良好)
Q81PP9.pdb,0.85,Good (良好)
H5ZXI0.pdb,0.85,Good (良好)
Q6J213.pdb,0.85,Good (良好)
Q9L3J2.pdb,0.85,Good (良好)
Q8VU79.pdb,0.85,Good (良好)
Q95V76.pdb,0.85,Good (良好)
A8N2G5.pdb,0.85,Good (良好)
Q57430.pdb,0.85,Good (良好)
Q52MQ5.pdb,0.85,Good (良好)
Q5JFG9.pdb,0.85,Good (良好)
Q5DM89.pdb,0.85,Good (良好)
P0ABK9.pdb,0.85,Good (良好)
A5LHX0.pdb,0.85,Good (良好)
Q97YX6.pdb,0.85,Good (良好)
F9VPH0.pdb,0.85,Good (良好)
Q3YAW3.pdb,0.85,Good (良好)
P24031.pdb,0.85,Good (良好)
P06547.pdb,0.85,Good (良好)
Q71E77.pdb,0.85,Good (良好)
B2B629.pdb,0.85,Good (良好)
B9E972.pdb,0.85,Good (良好)
P72145.pdb,0.85,Good (良好)
Q9RM92.pdb,0.85,Good (良好)
Q7DH52.pdb,0.85,Good (良好)
U6C6H1.pdb,0.85,Good (良好)
B5U990.pdb,0.85,Good (良好)
Q84EK3.pdb,0.85,Good (良好)
P97207.pdb,0.85,Good (良好)
Q9AI65.pdb,0.85,Good (良好)
A2ICH1.pdb,0.85,Good (良好)
Q9XHE2.pdb,0.85,Good (良好)
Q33DR0.pdb,0.85,Good (良好)
F2XG10.pdb,0.85,Good (良好)
Q8ZXE0.pdb,0.85,Good (良好)
Q5LX16.pdb,0.85,Good (良好)
Q8DT52.pdb,0.85,Good (良好)
A7LCL0.pdb,0.85,Good (良好)
Q1XIQ9.pdb,0.85,Good (良好)
B2AVF1.pdb,0.85,Good (良好)
Q8IDD3.pdb,0.85,Good (良好)
Q93PS9.pdb,0.85,Good (良好)
P44886.pdb,0.85,Good (良好)
A1YQE2.pdb,0.85,Good (良好)
P71875.pdb,0.85,Good (良好)
X5IDD2.pdb,0.85,Good (良好)
A0A023J5W7.pdb,0.85,Good (良好)
Q5NTE5.pdb,0.85,Good (良好)
P36667.pdb,0.85,Good (良好)
P95868.pdb,0.85,Good (良好)
P62378.pdb,0.85,Good (良好)
Q50754.pdb,0.85,Good (良好)
Q76KA8.pdb,0.85,Good (良好)
Q52TE7.pdb,0.85,Good (良好)
A9KT32.pdb,0.85,Good (良好)
P32009.pdb,0.85,Good (良好)
A9BHI9.pdb,0.85,Good (良好)
O60199.pdb,0.84,Good (良好)
O66223.pdb,0.84,Good (良好)
Q46079.pdb,0.84,Good (良好)
Q9HKW6.pdb,0.84,Good (良好)
A0A0H3LLR0.pdb,0.84,Good (良好)
I3RJK8.pdb,0.84,Good (良好)
B8YJM2.pdb,0.84,Good (良好)
G4NAP4.pdb,0.84,Good (良好)
A7AW73.pdb,0.84,Good (良好)
Q19R72.pdb,0.84,Good (良好)
Q95PT6.pdb,0.84,Good (良好)
P9WI83.pdb,0.84,Good (良好)
A0SWS3.pdb,0.84,Good (良好)
A5HMH6.pdb,0.84,Good (良好)
D2DK62.pdb,0.84,Good (良好)
F8U971.pdb,0.84,Good (良好)
P60780.pdb,0.84,Good (良好)
D5LNE5.pdb,0.84,Good (良好)
E5FGC5.pdb,0.84,Good (良好)
A9XDF5.pdb,0.84,Good (良好)
F8WSQ4.pdb,0.84,Good (良好)
V5NQ89.pdb,0.84,Good (良好)
A1JMA5.pdb,0.84,Good (良好)
Q6WUB6.pdb,0.84,Good (良好)
A2TBB4.pdb,0.84,Good (良好)
Q9KIF2.pdb,0.84,Good (良好)
P52700.pdb,0.84,Good (良好)
O59925.pdb,0.84,Good (良好)
A9XED1.pdb,0.84,Good (良好)
A0A144KZD6.pdb,0.84,Good (良好)
P23830.pdb,0.84,Good (良好)
Q711P7.pdb,0.84,Good (良好)
Q5XPV2.pdb,0.84,Good (良好)
Q7Z8L3.pdb,0.84,Good (良好)
F8WSQ2.pdb,0.84,Good (良好)
I3QNS7.pdb,0.84,Good (良好)
A7LBQ5.pdb,0.84,Good (良好)
Q8RL87.pdb,0.84,Good (良好)
B5A8W5.pdb,0.84,Good (良好)
P95949.pdb,0.84,Good (良好)
B3PBD9.pdb,0.84,Good (良好)
Q4JQJ3.pdb,0.84,Good (良好)
E6Y3G9.pdb,0.84,Good (良好)
Q8X268.pdb,0.84,Good (良好)
P36924.pdb,0.84,Good (良好)
F1CMX0.pdb,0.84,Good (良好)
P0CS93.pdb,0.84,Good (良好)
Q0CQ16.pdb,0.84,Good (良好)
I7FDJ2.pdb,0.84,Good (良好)
T1WFD0.pdb,0.84,Good (良好)
D0IZN8.pdb,0.84,Good (良好)
Q6TA03.pdb,0.84,Good (良好)
Q4J6E1.pdb,0.84,Good (良好)
B5L363.pdb,0.84,Good (良好)
Q2TPV1.pdb,0.84,Good (良好)
P48567.pdb,0.84,Good (良好)
Q82K30.pdb,0.84,Good (良好)
Q9I234.pdb,0.84,Good (良好)
Q0K9H3.pdb,0.84,Good (良好)
A1RDD3.pdb,0.84,Good (良好)
P77690.pdb,0.84,Good (良好)
F8V325.pdb,0.84,Good (良好)
Q12718.pdb,0.84,Good (良好)
Q55FE6.pdb,0.84,Good (良好)
A0A089QAB6.pdb,0.84,Good (良好)
A0A144KZF3.pdb,0.84,Good (良好)
Q58P26.pdb,0.84,Good (良好)
Q9YFY3.pdb,0.84,Good (良好)
B8E1T1.pdb,0.83,Good (良好)
C7GP37.pdb,0.83,Good (良好)
B7SY86.pdb,0.83,Good (良好)
P36218.pdb,0.83,Good (良好)
Q9HTZ1.pdb,0.83,Good (良好)
Q5A6L6.pdb,0.83,Good (良好)
R9UHL6.pdb,0.83,Good (良好)
Q4UDC3.pdb,0.83,Good (良好)
Q9YBF1.pdb,0.83,Good (良好)
Q8P6Z9.pdb,0.83,Good (良好)
I2D0K8.pdb,0.83,Good (良好)
I6QS85.pdb,0.83,Good (良好)
P55329.pdb,0.83,Good (良好)
Q5EU90.pdb,0.83,Good (良好)
Q97VS7.pdb,0.83,Good (良好)
Q08KN3.pdb,0.83,Good (良好)
Q93J76.pdb,0.83,Good (良好)
Q5LU04.pdb,0.83,Good (良好)
Q6KBS7.pdb,0.83,Good (良好)
Q9UWU1.pdb,0.83,Good (良好)
J9R912.pdb,0.83,Good (良好)
P95547.pdb,0.83,Good (良好)
P75785.pdb,0.83,Good (良好)
P39669.pdb,0.83,Good (良好)
Q2HY42.pdb,0.83,Good (良好)
P40025.pdb,0.83,Good (良好)
U2ZU49.pdb,0.83,Good (良好)
S5FU55.pdb,0.83,Good (良好)
P9WN45.pdb,0.83,Good (良好)
A0A1S6XWY4.pdb,0.83,Good (良好)
Q8GCB2.pdb,0.83,Good (良好)
B4E9I9.pdb,0.83,Good (良好)
P90648.pdb,0.83,Good (良好)
P19515.pdb,0.83,Good (良好)
P16954.pdb,0.83,Good (良好)
F0ZJZ1.pdb,0.83,Good (良好)
Q9ZGH0.pdb,0.83,Good (良好)
A3F8V2.pdb,0.83,Good (良好)
D3RXI4.pdb,0.83,Good (良好)
Q9RTB7.pdb,0.83,Good (良好)
Q5S260.pdb,0.83,Good (良好)
Q50402.pdb,0.83,Good (良好)
A0A144KZK6.pdb,0.83,Good (良好)
Q57580.pdb,0.83,Good (良好)
Q8RBF4.pdb,0.83,Good (良好)
A7UGD9.pdb,0.83,Good (良好)
P45687.pdb,0.83,Good (良好)
A3F8Z8.pdb,0.83,Good (良好)
Q9I4G8.pdb,0.83,Good (良好)
Q02497.pdb,0.83,Good (良好)
Q59VG6.pdb,0.83,Good (良好)
D8X181.pdb,0.83,Good (良好)
G5D5D5.pdb,0.82,Good (良好)
Q9HWS0.pdb,0.82,Good (良好)
A4XJ56.pdb,0.82,Good (良好)
Q8WSQ3.pdb,0.82,Good (良好)
Q9GRT1.pdb,0.82,Good (良好)
F8WSQ0.pdb,0.82,Good (良好)
A4PIB0.pdb,0.82,Good (良好)
P12625.pdb,0.82,Good (良好)
B5G555.pdb,0.82,Good (良好)
Q9A613.pdb,0.82,Good (良好)
Q8GCU7.pdb,0.82,Good (良好)
A6XP72.pdb,0.82,Good (良好)
Q58178.pdb,0.82,Good (良好)
A3FQA5.pdb,0.82,Good (良好)
T2A6Y2.pdb,0.82,Good (良好)
Q58439.pdb,0.82,Good (良好)
O29876.pdb,0.82,Good (良好)
Q845T0.pdb,0.82,Good (良好)
D2D3B2.pdb,0.82,Good (良好)
A0R2E6.pdb,0.82,Good (良好)
F1AQF9.pdb,0.82,Good (良好)
O67432.pdb,0.82,Good (良好)
Q6QHT8.pdb,0.82,Good (良好)
Q84C08.pdb,0.82,Good (良好)
A7LCN3.pdb,0.82,Good (良好)
S5ZIP8.pdb,0.82,Good (良好)
B1VB66.pdb,0.82,Good (良好)
Q9Z5P8.pdb,0.82,Good (良好)
O58049.pdb,0.82,Good (良好)
O68609.pdb,0.82,Good (良好)
D5MTT1.pdb,0.82,Good (良好)
Q2VA41.pdb,0.82,Good (良好)
P11073.pdb,0.82,Good (良好)
A0A089FQH5.pdb,0.82,Good (良好)
C4TGF1.pdb,0.82,Good (良好)
U6A8H3.pdb,0.82,Good (良好)
Q6H8X8.pdb,0.82,Good (良好)
Q6RET3.pdb,0.82,Good (良好)
Q4KCL8.pdb,0.82,Good (良好)
A0A0A0Q4S7.pdb,0.82,Good (良好)
Q9UVY4.pdb,0.82,Good (良好)
E7FHX4.pdb,0.82,Good (良好)
V9PQZ7.pdb,0.82,Good (良好)
H6WET3.pdb,0.82,Good (良好)
Q9K2N0.pdb,0.82,Good (良好)
H9C4A2.pdb,0.82,Good (良好)
Q9AFG9.pdb,0.82,Good (良好)
Q1IZQ3.pdb,0.82,Good (良好)
Q2VPS1.pdb,0.82,Good (良好)
Q2U9Z9.pdb,0.82,Good (良好)
A0A0P0IZM9.pdb,0.82,Good (良好)
P60832.pdb,0.82,Good (良好)
Q6C5M4.pdb,0.82,Good (良好)
Q97WS1.pdb,0.82,Good (良好)
Q00XA5.pdb,0.82,Good (良好)
Q9TZN8.pdb,0.81,Good (良好)
M1VE66.pdb,0.81,Good (良好)
C7C422.pdb,0.81,Good (良好)
Q96V00.pdb,0.81,Good (良好)
P0AE22.pdb,0.81,Good (良好)
M4MBM1.pdb,0.81,Good (良好)
Q8J0K6.pdb,0.81,Good (良好)
A9QXC9.pdb,0.81,Good (良好)
P04190.pdb,0.81,Good (良好)
I3VKD5.pdb,0.81,Good (良好)
A9UVU0.pdb,0.81,Good (良好)
C1AGW8.pdb,0.81,Good (良好)
Q6JE91.pdb,0.81,Good (良好)
P9WK19.pdb,0.81,Good (良好)
Q6H8X5.pdb,0.81,Good (良好)
A7Y9J1.pdb,0.81,Good (良好)
H6WZS9.pdb,0.81,Good (良好)
B0BK99.pdb,0.81,Good (良好)
Q75NT4.pdb,0.81,Good (良好)
D6A5I3.pdb,0.81,Good (良好)
A1S3N8.pdb,0.81,Good (良好)
Q08AC1.pdb,0.81,Good (良好)
Q6H8W8.pdb,0.81,Good (良好)
A5HMH7.pdb,0.81,Good (良好)
Q51662.pdb,0.81,Good (良好)
B1Q4S7.pdb,0.81,Good (良好)
G2Q665.pdb,0.81,Good (良好)
Q9XAY4.pdb,0.81,Good (良好)
S5M6X9.pdb,0.81,Good (良好)
P04959.pdb,0.81,Good (良好)
J7I0S9.pdb,0.81,Good (良好)
Q89CN5.pdb,0.81,Good (良好)
I1SB08.pdb,0.81,Good (良好)
P53123.pdb,0.81,Good (良好)
D0RAY2.pdb,0.81,Good (良好)
C0MP41.pdb,0.81,Good (良好)
Q04179.pdb,0.81,Good (良好)
G0KZG8.pdb,0.81,Good (良好)
Q9AQF4.pdb,0.81,Good (良好)
A0A016Q182.pdb,0.81,Good (良好)
C4QZH8.pdb,0.81,Good (良好)
Q4JL88.pdb,0.81,Good (良好)
U3GSN9.pdb,0.81,Good (良好)
Q8NU97.pdb,0.81,Good (良好)
O54435.pdb,0.81,Good (良好)
D7VYA1.pdb,0.81,Good (良好)
B0BK98.pdb,0.81,Good (良好)
Q7LXU0.pdb,0.81,Good (良好)
P13860.pdb,0.81,Good (良好)
Q53U20.pdb,0.8,Good (良好)
Q6H8X6.pdb,0.8,Good (良好)
A2TBP7.pdb,0.8,Good (良好)
Q8MZR8.pdb,0.8,Good (良好)
Q2UIM2.pdb,0.8,Good (良好)
Q8I7A1.pdb,0.8,Good (良好)
J7HDV0.pdb,0.8,Good (良好)
P21161.pdb,0.8,Good (良好)
I0CKV2.pdb,0.8,Good (良好)
A0A024FRL9.pdb,0.8,Good (良好)
Q7LIJ0.pdb,0.8,Good (良好)
Q1W2L4.pdb,0.8,Good (良好)
C7FF05.pdb,0.8,Good (良好)
B6Q5I3.pdb,0.8,Good (良好)
A0A144KZI7.pdb,0.8,Good (良好)
Q9V076.pdb,0.8,Good (良好)
B7TXX4.pdb,0.8,Good (良好)
Q60358.pdb,0.8,Good (良好)
A7LGL0.pdb,0.8,Good (良好)
A7WNU2.pdb,0.8,Good (良好)
Q9R4W3.pdb,0.8,Good (良好)
C5B2R8.pdb,0.8,Good (良好)
Q7Z9M8.pdb,0.8,Good (良好)
F2YZ26.pdb,0.8,Good (良好)
P25360.pdb,0.8,Good (良好)
A8N3P5.pdb,0.8,Good (良好)
Q6IYF5.pdb,0.8,Good (良好)
A0A0F6N6D4.pdb,0.8,Good (良好)
B5MGR1.pdb,0.8,Good (良好)
Q97UH8.pdb,0.8,Good (良好)
Q2MF17.pdb,0.8,Good (良好)
Q1M0P5.pdb,0.8,Good (良好)
Q8TGH6.pdb,0.8,Good (良好)
O83032.pdb,0.8,Good (良好)
I0CKV3.pdb,0.8,Good (良好)
S6D3Q2.pdb,0.8,Good (良好)
Q9C0Y4.pdb,0.8,Good (良好)
Q6H8X0.pdb,0.8,Good (良好)
P80656.pdb,0.79,Good (良好)
C9QNK6.pdb,0.79,Good (良好)
B0LAW4.pdb,0.79,Good (良好)
Q980D0.pdb,0.79,Good (良好)
Q56DL0.pdb,0.79,Good (良好)
Q6H8X4.pdb,0.79,Good (良好)
I2FIL2.pdb,0.79,Good (良好)
O96142.pdb,0.79,Good (良好)
D4GYV5.pdb,0.79,Good (良好)
Q12039.pdb,0.79,Good (良好)
A4ADB8.pdb,0.79,Good (良好)
Q6RVB3.pdb,0.79,Good (良好)
Q6H8X7.pdb,0.79,Good (良好)
Q9PF60.pdb,0.79,Good (良好)
D7RJ66.pdb,0.79,Good (良好)
C0H3U9.pdb,0.79,Good (良好)
P36136.pdb,0.79,Good (良好)
A5HMI0.pdb,0.79,Good (良好)
A8YPP3.pdb,0.79,Good (良好)
O87833.pdb,0.79,Good (良好)
Q6H8W9.pdb,0.79,Good (良好)
C1JCL7.pdb,0.79,Good (良好)
A0A140CUL9.pdb,0.79,Good (良好)
Q872L3.pdb,0.79,Good (良好)
B4EY92.pdb,0.79,Good (良好)
A5A4M8.pdb,0.79,Good (良好)
B7XEJ1.pdb,0.79,Good (良好)
Q8L2Z7.pdb,0.79,Good (良好)
A0A0E3D8K7.pdb,0.79,Good (良好)
Q840T2.pdb,0.79,Good (良好)
P29957.pdb,0.79,Good (良好)
Q38DE2.pdb,0.79,Good (良好)
Q6FFQ2.pdb,0.79,Good (良好)
Q6RKQ1.pdb,0.78,Good (良好)
Q01172.pdb,0.78,Good (良好)
G0L2Y1.pdb,0.78,Good (良好)
O15922.pdb,0.78,Good (良好)
A8C781.pdb,0.78,Good (良好)
A0A1L1VVY8.pdb,0.78,Good (良好)
P0AES0.pdb,0.78,Good (良好)
A7WNT9.pdb,0.78,Good (良好)
Q8NRE6.pdb,0.78,Good (良好)
P77909.pdb,0.78,Good (良好)
G0RVK1.pdb,0.78,Good (良好)
A0A1W1WDM4.pdb,0.78,Good (良好)
Q72JY1.pdb,0.78,Good (良好)
A0A075EKG1.pdb,0.78,Good (良好)
Q1L6A3.pdb,0.78,Good (良好)
B3QYX9.pdb,0.78,Good (良好)
Q3HRV6.pdb,0.78,Good (良好)
A4LA85.pdb,0.78,Good (良好)
A0A1E7YQH3.pdb,0.78,Good (良好)
O87872.pdb,0.78,Good (良好)
Q6H8X1.pdb,0.78,Good (良好)
Q5KR04.pdb,0.78,Good (良好)
L8B3D7.pdb,0.78,Good (良好)
E1CJF8.pdb,0.78,Good (良好)
O00105.pdb,0.78,Good (良好)
G2QXZ9.pdb,0.78,Good (良好)
B7XEJ0.pdb,0.78,Good (良好)
Q88E47.pdb,0.78,Good (良好)
Q8G8Y2.pdb,0.78,Good (良好)
Q03217.pdb,0.78,Good (良好)
A0A143G976.pdb,0.78,Good (良好)
Q73KK9.pdb,0.78,Good (良好)
Q4J894.pdb,0.78,Good (良好)
Q58097.pdb,0.78,Good (良好)
H9NJ52.pdb,0.78,Good (良好)
P06617.pdb,0.78,Good (良好)
P17118.pdb,0.78,Good (良好)
R9YJZ9.pdb,0.77,Good (良好)
A0A1W1WET7.pdb,0.77,Good (良好)
P69910.pdb,0.77,Good (良好)
P26901.pdb,0.77,Good (良好)
A0A1L2BH72.pdb,0.77,Good (良好)
A8NIX3.pdb,0.77,Good (良好)
A0A179FQV9.pdb,0.77,Good (良好)
Q6ST35.pdb,0.77,Good (良好)
C7G3B7.pdb,0.77,Good (良好)
Q07635.pdb,0.77,Good (良好)
O64925.pdb,0.77,Good (良好)
D2SZY4.pdb,0.77,Good (良好)
G0YYC4.pdb,0.77,Good (良好)
A9ZPD1.pdb,0.77,Good (良好)
Q02068.pdb,0.77,Good (良好)
S5FT07.pdb,0.77,Good (良好)
Q6XMT1.pdb,0.77,Good (良好)
A0A088T0J9.pdb,0.77,Good (良好)
Q1JU59.pdb,0.77,Good (良好)
A0A144KZJ7.pdb,0.77,Good (良好)
P37303.pdb,0.77,Good (良好)
C9K501.pdb,0.77,Good (良好)
Q5EG61.pdb,0.77,Good (良好)
D8LI09.pdb,0.77,Good (良好)
Q1JU60.pdb,0.77,Good (良好)
Q9AQQ9.pdb,0.77,Good (良好)
O30511.pdb,0.77,Good (良好)
P0AEW6.pdb,0.77,Good (良好)
Q59329.pdb,0.76,Good (良好)
P61872.pdb,0.76,Good (良好)
Q5W503.pdb,0.76,Good (良好)
Q53728.pdb,0.76,Good (良好)
Q1JU62.pdb,0.76,Good (良好)
P16027.pdb,0.76,Good (良好)
P53632.pdb,0.76,Good (良好)
Q8U1P6.pdb,0.76,Good (良好)
Q50538.pdb,0.76,Good (良好)
P39107.pdb,0.76,Good (良好)
A8YPP2.pdb,0.76,Good (良好)
Q1JU61.pdb,0.76,Good (良好)
W8CR61.pdb,0.76,Good (良好)
B1HP60.pdb,0.76,Good (良好)
Q9RDE2.pdb,0.76,Good (良好)
Q6LP64.pdb,0.76,Good (良好)
E1XUJ2.pdb,0.76,Good (良好)
Q2WG72.pdb,0.76,Good (良好)
Q6KF36.pdb,0.76,Good (良好)
Q7Z031.pdb,0.75,Good (良好)
B1Q4V2.pdb,0.75,Good (良好)
A5K8L9.pdb,0.75,Good (良好)
Q9UTR6.pdb,0.75,Good (良好)
Q5NT93.pdb,0.75,Good (良好)
O15920.pdb,0.75,Good (良好)
V9NFX1.pdb,0.75,Good (良好)
A6YH85.pdb,0.75,Good (良好)
O96437.pdb,0.75,Good (良好)
I7H6W6.pdb,0.75,Good (良好)
Q8DMA8.pdb,0.75,Good (良好)
A7UM95.pdb,0.75,Good (良好)
Q0MVP2.pdb,0.75,Good (良好)
A4ZV25.pdb,0.75,Good (良好)
A9QXE0.pdb,0.75,Good (良好)
B6E8Y7.pdb,0.75,Good (良好)
Q5S1P9.pdb,0.75,Good (良好)
Q9KJB8.pdb,0.74,Good (良好)
P21130.pdb,0.74,Good (良好)
R4WHQ8.pdb,0.74,Good (良好)
Q0GE18.pdb,0.74,Good (良好)
D7G793.pdb,0.74,Good (良好)
Q6QF57.pdb,0.74,Good (良好)
Q25BT4.pdb,0.74,Good (良好)
A7E8M5.pdb,0.74,Good (良好)
P96091.pdb,0.74,Good (良好)
B6VP39.pdb,0.74,Good (良好)
A9V766.pdb,0.74,Good (良好)
A4I1T8.pdb,0.74,Good (良好)
Q9I0K4.pdb,0.73,Good (良好)
B7J3E3.pdb,0.73,Good (良好)
Q99PX1.pdb,0.73,Good (良好)
A6P4T5.pdb,0.73,Good (良好)
O67467.pdb,0.73,Good (良好)
A8NBN1.pdb,0.73,Good (良好)
Q980D1.pdb,0.73,Good (良好)
G0ZDR5.pdb,0.72,Good (良好)
Q86LS9.pdb,0.72,Good (良好)
S4UF58.pdb,0.72,Good (良好)
Q05567.pdb,0.72,Good (良好)
A9ZM78.pdb,0.72,Good (良好)
I1REW2.pdb,0.72,Good (良好)
Q95PK8.pdb,0.72,Good (良好)
P13382.pdb,0.72,Good (良好)
Q0H9W2.pdb,0.72,Good (良好)
O28511.pdb,0.72,Good (良好)
B6SED6.pdb,0.72,Good (良好)
Q8KKF9.pdb,0.72,Good (良好)
Q670W0.pdb,0.72,Good (良好)
D7FMJ8.pdb,0.72,Good (良好)
A0A1B1PF34.pdb,0.72,Good (良好)
P07874.pdb,0.72,Good (良好)
Q8IDM2.pdb,0.71,Good (良好)
Q939D2.pdb,0.71,Good (良好)
Q7SCE9.pdb,0.71,Good (良好)
A0A0T6DN91.pdb,0.71,Good (良好)
A5HMH9.pdb,0.71,Good (良好)
G8YXZ9.pdb,0.71,Good (良好)
B1B389.pdb,0.71,Good (良好)
A8C5K8.pdb,0.71,Good (良好)
B1YMN6.pdb,0.7,Fair (一般)
O28050.pdb,0.7,Fair (一般)
D6PXK5.pdb,0.7,Fair (一般)
A9ZRX3.pdb,0.7,Fair (一般)
O87082.pdb,0.7,Fair (一般)
K4HXK6.pdb,0.7,Good (良好)
P32440.pdb,0.7,Good (良好)
Q6LFH8.pdb,0.7,Good (良好)
Q53VZ1.pdb,0.7,Good (良好)
A7UHH1.pdb,0.7,Fair (一般)
Q673U2.pdb,0.69,Fair (一般)
Q6UG02.pdb,0.69,Fair (一般)
A5HMH8.pdb,0.69,Fair (一般)
Q76EB5.pdb,0.69,Fair (一般)
Q0CZR3.pdb,0.69,Fair (一般)
Q9Y751.pdb,0.69,Fair (一般)
P53629.pdb,0.69,Fair (一般)
P23293.pdb,0.68,Fair (一般)
P29082.pdb,0.68,Fair (一般)
H1X7X9.pdb,0.68,Fair (一般)
Q8X1D1.pdb,0.68,Fair (一般)
B2MUU6.pdb,0.68,Fair (一般)
O08348.pdb,0.67,Fair (一般)
Q1JK37.pdb,0.67,Fair (一般)
P96105.pdb,0.67,Fair (一般)
S8GJB1.pdb,0.67,Fair (一般)
Q8PC55.pdb,0.66,Fair (一般)
Q97W53.pdb,0.66,Fair (一般)
B5APK2.pdb,0.66,Fair (一般)
P80951.pdb,0.65,Fair (一般)
Q6LA34.pdb,0.65,Fair (一般)
L0N3Y0.pdb,0.65,Fair (一般)
Q9F0Q9.pdb,0.64,Fair (一般)
A8CEF6.pdb,0.64,Fair (一般)
Q43998.pdb,0.64,Fair (一般)
I7A3T6.pdb,0.64,Fair (一般)
O54003.pdb,0.63,Fair (一般)
D3HMN4.pdb,0.63,Fair (一般)
Q8GP32.pdb,0.63,Fair (一般)
A0A0A0V7L5.pdb,0.63,Fair (一般)
D3WYV9.pdb,0.62,Fair (一般)
P11349.pdb,0.62,Fair (一般)
P25806.pdb,0.62,Fair (一般)
Q581U6.pdb,0.62,Fair (一般)
Q9JP48.pdb,0.61,Fair (一般)
Q74K42.pdb,0.6,Fair (一般)
D1JH91.pdb,0.6,Fair (一般)
P35187.pdb,0.6,Fair (一般)
Q9EZV6.pdb,0.6,Fair (一般)
P42450.pdb,0.6,Fair (一般)
A8CH84.pdb,0.6,Fair (一般)
A8CIU9.pdb,0.6,Fair (一般)
A0A0C4WTK3.pdb,0.59,Fair (一般)
B1VB64.pdb,0.59,Fair (一般)
Q5SJG5.pdb,0.58,Fair (一般)
A6NA24.pdb,0.58,Fair (一般)
Q8KBL0.pdb,0.57,Fair (一般)
P80654.pdb,0.55,Fair (一般)
Q2VMT1.pdb,0.55,Fair (一般)
E3W9G3.pdb,0.55,Fair (一般)
P97224.pdb,0.54,Fair (一般)
A3FJ51.pdb,0.54,Fair (一般)
Q70XJ9.pdb,0.53,Fair (一般)
P14775.pdb,0.53,Fair (一般)
Q9L3Z9.pdb,0.52,Fair (一般)
D1J8Z9.pdb,0.52,Fair (一般)
B3XPZ2.pdb,0.52,Fair (一般)
Q49610.pdb,0.51,Fair (一般)
A1XM14.pdb,0.5,Fair (一般)
S5YYL9.pdb,0.49,Poor (较差/无序)
Q4U6L1.pdb,0.49,Poor (较差/无序)
S5Y7P9.pdb,0.49,Poor (较差/无序)
P80651.pdb,0.48,Poor (较差/无序)
P21833.pdb,0.48,Poor (较差/无序)
P80655.pdb,0.48,Poor (较差/无序)
P80653.pdb,0.46,Poor (较差/无序)
S5YEK5.pdb,0.42,Poor (较差/无序)
B3XPZ3.pdb,0.41,Poor (较差/无序)
O67575.pdb,0.41,Poor (较差/无序)
Q9P4D8.pdb,0.38,Poor (较差/无序)
F9VMT6.pdb,0.37,Poor (较差/无序)
D9J009.pdb,0.35,Poor (较差/无序)
A2I9X8.pdb,0.35,Poor (较差/无序)
Q980K6.pdb,0.35,Poor (较差/无序)
C9K504.pdb,0.35,Poor (较差/无序)
C9W9E3.pdb,0.34,Poor (较差/无序)
I6WHP7.pdb,0.33,Poor (较差/无序)
P85513.pdb,0.32,Poor (较差/无序)
Q8NKR9.pdb,0.32,Poor (较差/无序)
B3Y006.pdb,0.3,Poor (较差/无序)
